PSH;sequence;PSM_ID;accession;unique;database;database_version;search_engine;search_engine_score[1];modifications;retention_time;charge;;
PSM;AYDNATAAVAK;1;null;null;null;null;[MS, MS:1003281, Casanovo, 3.3.0];0.9994090696175894;null;null;2.0;;
PSM;-17.027QTTHDPDGTRELER;2;null;null;null;null;[MS, MS:1003281, Casanovo, 3.3.0];-0.46200466994196177;null;null;3.0;;
PSM;AYDNATAAVAK;3;null;null;null;null;[MS, MS:1003281, Casanovo, 3.3.0];0.9723080992698669;null;null;2.0;;
PSM;SPNQDPPGPSKPEER;4;null;null;null;null;[MS, MS:1003281, Casanovo, 3.3.0];-0.3850862281396985;null;null;3.0;;
PSM;AYDNATAAVAK;5;null;null;null;null;[MS, MS:1003281, Casanovo, 3.3.0];0.999626969297727;null;null;2.0;;
PSM;+43.006GPSQQPPAPVHTSSSK;6;null;null;null;null;[MS, MS:1003281, Casanovo, 3.3.0];-0.5039366628560755;null;null;3.0;;
PSM;TSSEPSSSSK;7;null;null;null;null;[MS, MS:1003281, Casanovo, 3.3.0];-0.5192433473738758;null;null;2.0;;
PSM;SQYQQPVLRPNY;8;null;null;null;null;[MS, MS:1003281, Casanovo, 3.3.0];0.7581863698477929;null;null;3.0;;
PSM;AQYEDLAQK;9;null;null;null;null;[MS, MS:1003281, Casanovo, 3.3.0];0.9998443245887756;null;null;2.0;;
PSM;KNSNLQNDGAGPLDR;10;null;null;null;null;[MS, MS:1003281, Casanovo, 3.3.0];-0.3971496713347733;null;null;3.0;;
PSM;ESEM+15.995PTHR;11;null;null;null;null;[MS, MS:1003281, Casanovo, 3.3.0];-0.34879027017288733;null;null;2.0;;
PSM;SQYEQLAEQNRK;12;null;null;null;null;[MS, MS:1003281, Casanovo, 3.3.0];-0.05489934866244972;null;null;3.0;;
PSM;AEAESLYQSK;13;null;null;null;null;[MS, MS:1003281, Casanovo, 3.3.0];0.9942567836154591;null;null;2.0;;
PSM;YQTTLAARPDSPAGDK;14;null;null;null;null;[MS, MS:1003281, Casanovo, 3.3.0];-0.4904206487185815;null;null;3.0;;
PSM;SELTELRR;15;null;null;null;null;[MS, MS:1003281, Casanovo, 3.3.0];0.9731660551495023;null;null;2.0;;
PSM;LPGFLGVSSVGGGPLR;16;null;null;null;null;[MS, MS:1003281, Casanovo, 3.3.0];-0.4724971840486807;null;null;3.0;;
PSM;SELTELRR;17;null;null;null;null;[MS, MS:1003281, Casanovo, 3.3.0];0.9697972072495354;null;null;2.0;;
PSM;KVQTAPGYLGPVQR;18;null;null;null;null;[MS, MS:1003281, Casanovo, 3.3.0];-0.43232306937376663;null;null;3.0;;
PSM;VTSPATLNSR;19;null;null;null;null;[MS, MS:1003281, Casanovo, 3.3.0];0.9436569213867188;null;null;2.0;;
PSM;LSSLQPPPPQQPVVS;20;null;null;null;null;[MS, MS:1003281, Casanovo, 3.3.0];-0.45677256770431995;null;null;3.0;;
PSM;LSMQNLNDR;21;null;null;null;null;[MS, MS:1003281, Casanovo, 3.3.0];0.9431835055351258;null;null;2.0;;
PSM;HC+57.021QHFGSFTEEEK;22;null;null;null;null;[MS, MS:1003281, Casanovo, 3.3.0];-0.559666168476854;null;null;3.0;;
PSM;SLKPSGSLVGSSVR;23;null;null;null;null;[MS, MS:1003281, Casanovo, 3.3.0];-0.35186672806739805;null;null;2.0;;
PSM;+42.011SLSELLDLTKPGQSLQER;24;null;null;null;null;[MS, MS:1003281, Casanovo, 3.3.0];0.41523112505674364;null;null;3.0;;
PSM;LSSPATLNSR;25;null;null;null;null;[MS, MS:1003281, Casanovo, 3.3.0];0.9758651527491483;null;null;2.0;;
PSM;FRPPPQSPAPATFR;26;null;null;null;null;[MS, MS:1003281, Casanovo, 3.3.0];-0.38196005870898564;null;null;3.0;;
PSM;GGHESGVPDSR;27;null;null;null;null;[MS, MS:1003281, Casanovo, 3.3.0];0.6434892751276493;null;null;2.0;;
PSM;-17.027QRTPDPSRPC+57.021EC+57.021R;28;null;null;null;null;[MS, MS:1003281, Casanovo, 3.3.0];-0.5057780017455419;null;null;3.0;;
PSM;QSGYQPSDAH;29;null;null;null;null;[MS, MS:1003281, Casanovo, 3.3.0];0.6040747355331074;null;null;2.0;;
PSM;SADC+57.021LPSSTYGC+57.021YR;30;null;null;null;null;[MS, MS:1003281, Casanovo, 3.3.0];-0.4977908551692962;null;null;3.0;;
PSM;TLLEGEESR;31;null;null;null;null;[MS, MS:1003281, Casanovo, 3.3.0];0.9998204827308654;null;null;2.0;;
PSM;GLSHEEEGYEELR;32;null;null;null;null;[MS, MS:1003281, Casanovo, 3.3.0];0.49247302913240026;null;null;3.0;;
PSM;LSSPATLNSR;33;null;null;null;null;[MS, MS:1003281, Casanovo, 3.3.0];0.9997183951464567;null;null;2.0;;
PSM;TLGPGVLSSPATGSGLR;34;null;null;null;null;[MS, MS:1003281, Casanovo, 3.3.0];-0.24374304297897553;null;null;3.0;;
PSM;VDPELQNVK;35;null;null;null;null;[MS, MS:1003281, Casanovo, 3.3.0];0.8583726197481155;null;null;2.0;;
PSM;QYRPLGPTPTPGGPK;36;null;null;null;null;[MS, MS:1003281, Casanovo, 3.3.0];-0.3912812911439687;null;null;3.0;;
PSM;APGFGSDC+57.021MR;37;null;null;null;null;[MS, MS:1003281, Casanovo, 3.3.0];0.6580704193223607;null;null;2.0;;
PSM;TLLEGEESR;38;null;null;null;null;[MS, MS:1003281, Casanovo, 3.3.0];0.9987411737442017;null;null;2.0;;
PSM;LLC+57.021QPGVGGSELYR;39;null;null;null;null;[MS, MS:1003281, Casanovo, 3.3.0];0.5796774273117383;null;null;3.0;;
PSM;LSSPATLNSR;40;null;null;null;null;[MS, MS:1003281, Casanovo, 3.3.0];0.9959869709881869;null;null;2.0;;
PSM;PPVGSSPVSPATGGSLR;41;null;null;null;null;[MS, MS:1003281, Casanovo, 3.3.0];0.5901677277353075;null;null;3.0;;
PSM;TLLEGESER;42;null;null;null;null;[MS, MS:1003281, Casanovo, 3.3.0];0.9786681175231934;null;null;2.0;;
PSM;GKEEDPDPSPVLLR;43;null;null;null;null;[MS, MS:1003281, Casanovo, 3.3.0];-0.46531817018985744;null;null;3.0;;
PSM;LSSPATLSNR;44;null;null;null;null;[MS, MS:1003281, Casanovo, 3.3.0];0.8966594446789135;null;null;2.0;;
PSM;GTKPFPGSALNPNFK;45;null;null;null;null;[MS, MS:1003281, Casanovo, 3.3.0];-0.41209241980686784;null;null;3.0;;
PSM;ALSYLDK;46;null;null;null;null;[MS, MS:1003281, Casanovo, 3.3.0];0.9677838236093521;null;null;2.0;;
PSM;SREGDSGELDR;47;null;null;null;null;[MS, MS:1003281, Casanovo, 3.3.0];-0.47686146323879564;null;null;3.0;;
PSM;ALSYLDK;48;null;null;null;null;[MS, MS:1003281, Casanovo, 3.3.0];0.9901406839489937;null;null;2.0;;
PSM;EEEEEERLR;49;null;null;null;null;[MS, MS:1003281, Casanovo, 3.3.0];-0.5524402312934399;null;null;3.0;;
PSM;YENEVALR;50;null;null;null;null;[MS, MS:1003281, Casanovo, 3.3.0];0.9768986635737948;null;null;2.0;;
PSM;+42.011LTEQYPVHSGTSK;51;null;null;null;null;[MS, MS:1003281, Casanovo, 3.3.0];0.5647332862019538;null;null;3.0;;
PSM;YENEVALR;52;null;null;null;null;[MS, MS:1003281, Casanovo, 3.3.0];0.9997303552097745;null;null;2.0;;
PSM;KAQLQEEEEEEK;53;null;null;null;null;[MS, MS:1003281, Casanovo, 3.3.0];-0.3923080832912371;null;null;3.0;;
PSM;ALADDFR;54;null;null;null;null;[MS, MS:1003281, Casanovo, 3.3.0];0.9889439716935158;null;null;2.0;;
PSM;GGEEAPGRPADR;55;null;null;null;null;[MS, MS:1003281, Casanovo, 3.3.0];-0.5980954021215439;null;null;3.0;;
PSM;ALADDFR;56;null;null;null;null;[MS, MS:1003281, Casanovo, 3.3.0];0.9923069179058075;null;null;2.0;;
PSM;PPHPSC+57.021KPYK;57;null;null;null;null;[MS, MS:1003281, Casanovo, 3.3.0];-0.5489686043425039;null;null;3.0;;
PSM;+42.011SLNELQTYR;58;null;null;null;null;[MS, MS:1003281, Casanovo, 3.3.0];0.9468214349313215;null;null;2.0;;
PSM;APQQAEERPPQLEEK;59;null;null;null;null;[MS, MS:1003281, Casanovo, 3.3.0];-0.37342792423442006;null;null;3.0;;
PSM;ALEESNYELEGK;60;null;null;null;null;[MS, MS:1003281, Casanovo, 3.3.0];0.9414650958317977;null;null;2.0;;
PSM;TPPGNDLPDEKPETGFSFK;61;null;null;null;null;[MS, MS:1003281, Casanovo, 3.3.0];-0.3675822228193283;null;null;3.0;;
PSM;SLVGLNTK;62;null;null;null;null;[MS, MS:1003281, Casanovo, 3.3.0];0.9997246066729227;null;null;2.0;;
PSM;EGLGGLLALLHR;63;null;null;null;null;[MS, MS:1003281, Casanovo, 3.3.0];-0.3917446354260812;null;null;3.0;;
PSM;ALEESNYELEGK;64;null;null;null;null;[MS, MS:1003281, Casanovo, 3.3.0];0.9946172650043781;null;null;2.0;;
PSM;YENC+57.021LALSSHAAATDYFK;65;null;null;null;null;[MS, MS:1003281, Casanovo, 3.3.0];-0.4414402775858578;null;null;3.0;;
PSM;SLVGLTNK;66;null;null;null;null;[MS, MS:1003281, Casanovo, 3.3.0];0.9185653759373559;null;null;2.0;;
PSM;ETLSALKQVTR;67;null;null;null;null;[MS, MS:1003281, Casanovo, 3.3.0];0.49009783876438934;null;null;3.0;;
PSM;SLVNLGSGK;68;null;null;null;null;[MS, MS:1003281, Casanovo, 3.3.0];0.9577366709709167;null;null;2.0;;
PSM;GSLSLPALPTTTR;69;null;null;null;null;[MS, MS:1003281, Casanovo, 3.3.0];-0.42262035076107296;null;null;3.0;;
PSM;LC+57.021RPYK;70;null;null;null;null;[MS, MS:1003281, Casanovo, 3.3.0];-0.7133065146127981;null;null;2.0;;
PSM;LASYTQLLR;71;null;null;null;null;[MS, MS:1003281, Casanovo, 3.3.0];-0.2582432076334953;null;null;3.0;;
PSM;SLVNLGGSK;72;null;null;null;null;[MS, MS:1003281, Casanovo, 3.3.0];0.9978001594543457;null;null;2.0;;
PSM;VGSSLPVGTLFLK;73;null;null;null;null;[MS, MS:1003281, Casanovo, 3.3.0];-0.5749061246003424;null;null;3.0;;
PSM;SLVNLSNK;74;null;null;null;null;[MS, MS:1003281, Casanovo, 3.3.0];0.9711803595225016;null;null;2.0;;
PSM;LPSSLSTPQQEK;75;null;null;null;null;[MS, MS:1003281, Casanovo, 3.3.0];-0.5522936296004515;null;null;3.0;;
PSM;VATVSLPR;76;null;null;null;null;[MS, MS:1003281, Casanovo, 3.3.0];0.9997914036115011;null;null;2.0;;
PSM;QLRPLLPGLTR;77;null;null;null;null;[MS, MS:1003281, Casanovo, 3.3.0];-0.38115530026455724;null;null;3.0;;
PSM;VQALEEANNDLENK;78;null;null;null;null;[MS, MS:1003281, Casanovo, 3.3.0];0.985761018594106;null;null;2.0;;
PSM;NGC+57.021EQPLPANSLGLQATTEEEK;79;null;null;null;null;[MS, MS:1003281, Casanovo, 3.3.0];-0.5100939584814984;null;null;3.0;;
PSM;ESLDPFLK;80;null;null;null;null;[MS, MS:1003281, Casanovo, 3.3.0];-0.43182251519627046;null;null;2.0;;
PSM;TNAENEFVTLRK;81;null;null;null;null;[MS, MS:1003281, Casanovo, 3.3.0];-0.014833303598257186;null;null;3.0;;
PSM;+42.011DVVSLPR;82;null;null;null;null;[MS, MS:1003281, Casanovo, 3.3.0];-0.13491541892290115;null;null;2.0;;
PSM;EFDPALLRLR;83;null;null;null;null;[MS, MS:1003281, Casanovo, 3.3.0];-0.432385578751564;null;null;3.0;;
PSM;VATVSLPR;84;null;null;null;null;[MS, MS:1003281, Casanovo, 3.3.0];0.9998911751641167;null;null;2.0;;
PSM;SPLQLGLDRLR;85;null;null;null;null;[MS, MS:1003281, Casanovo, 3.3.0];-0.4653552981714407;null;null;3.0;;
PSM;ENC+57.021PEPR;86;null;null;null;null;[MS, MS:1003281, Casanovo, 3.3.0];-0.34643874503672123;null;null;2.0;;
PSM;EC+57.021EHC+57.021C+57.021PNLK;87;null;null;null;null;[MS, MS:1003281, Casanovo, 3.3.0];-0.5565466579388488;null;null;3.0;;
PSM;SLSLPR;88;null;null;null;null;[MS, MS:1003281, Casanovo, 3.3.0];0.9771860412188939;null;null;2.0;;
PSM;ASSLPLLRR;89;null;null;null;null;[MS, MS:1003281, Casanovo, 3.3.0];-0.4525519266724587;null;null;3.0;;
PSM;ATVSLPR;90;null;null;null;null;[MS, MS:1003281, Casanovo, 3.3.0];0.8959245216101408;null;null;2.0;;
PSM;SPGKPVFLLR;91;null;null;null;null;[MS, MS:1003281, Casanovo, 3.3.0];0.6423608206889846;null;null;3.0;;
PSM;SLSLSVAR;92;null;null;null;null;[MS, MS:1003281, Casanovo, 3.3.0];0.9271752039591471;null;null;2.0;;
PSM;ESDLPTTQLLK;93;null;null;null;null;[MS, MS:1003281, Casanovo, 3.3.0];-0.400887648264567;null;null;3.0;;
PSM;QVLDTQEFAR;94;null;null;null;null;[MS, MS:1003281, Casanovo, 3.3.0];0.7891205942088907;null;null;2.0;;
PSM;SSLEPEAARYEELYR;95;null;null;null;null;[MS, MS:1003281, Casanovo, 3.3.0];-0.5719607356004417;null;null;3.0;;
PSM;VAPVSLPR;96;null;null;null;null;[MS, MS:1003281, Casanovo, 3.3.0];-0.14201116065184272;null;null;2.0;;
PSM;AVTVTVPR;97;null;null;null;null;[MS, MS:1003281, Casanovo, 3.3.0];-0.27637116776572335;null;null;2.0;;
PSM;ELLGPALAKPAGK;98;null;null;null;null;[MS, MS:1003281, Casanovo, 3.3.0];-0.4482778065970966;null;null;3.0;;
PSM;VATVSLPR;99;null;null;null;null;[MS, MS:1003281, Casanovo, 3.3.0];0.9998812079429626;null;null;2.0;;
PSM;PTLQPNVLLPR;100;null;null;null;null;[MS, MS:1003281, Casanovo, 3.3.0];-0.3192784786224365;null;null;3.0;;
PSM;AYC+57.021QVPR;101;null;null;null;null;[MS, MS:1003281, Casanovo, 3.3.0];-0.2936672046780586;null;null;2.0;;
PSM;NC+57.021HPAGGPGPRPL;102;null;null;null;null;[MS, MS:1003281, Casanovo, 3.3.0];-0.5259246442999159;null;null;3.0;;
PSM;SLSLSLGR;103;null;null;null;null;[MS, MS:1003281, Casanovo, 3.3.0];0.940032594733768;null;null;2.0;;
PSM;QVLDPQSYEK;104;null;null;null;null;[MS, MS:1003281, Casanovo, 3.3.0];0.8395673632621765;null;null;2.0;;
PSM;DLHLTPNYLEGFLER;105;null;null;null;null;[MS, MS:1003281, Casanovo, 3.3.0];-0.5186022571288049;null;null;3.0;;
PSM;VGPVSLPR;106;null;null;null;null;[MS, MS:1003281, Casanovo, 3.3.0];0.9345906045701768;null;null;2.0;;
PSM;VATVSLPR;107;null;null;null;null;[MS, MS:1003281, Casanovo, 3.3.0];0.9998778303464254;null;null;2.0;;
PSM;PPALQTLNAVVH;108;null;null;null;null;[MS, MS:1003281, Casanovo, 3.3.0];-0.42833397021660435;null;null;3.0;;
PSM;ALTVSLPR;109;null;null;null;null;[MS, MS:1003281, Casanovo, 3.3.0];0.9487015008926392;null;null;2.0;;
PSM;SSLRPGLLLGLR;110;null;null;null;null;[MS, MS:1003281, Casanovo, 3.3.0];-0.48242726463537955;null;null;3.0;;
PSM;RTNAENEFVTLK;111;null;null;null;null;[MS, MS:1003281, Casanovo, 3.3.0];0.9939961891907912;null;null;2.0;;
PSM;+42.011GLDLSSLGVGGFTPEELLER;112;null;null;null;null;[MS, MS:1003281, Casanovo, 3.3.0];0.4524494473907081;null;null;3.0;;
PSM;SLSLSVAR;113;null;null;null;null;[MS, MS:1003281, Casanovo, 3.3.0];0.9983672300974528;null;null;2.0;;
PSM;KPLPPLLQTLK;114;null;null;null;null;[MS, MS:1003281, Casanovo, 3.3.0];-0.4901505447924137;null;null;3.0;;
PSM;VATVSLPR;115;null;null;null;null;[MS, MS:1003281, Casanovo, 3.3.0];0.999909394317203;null;null;2.0;;
PSM;QSLPFLKPGPGK;116;null;null;null;null;[MS, MS:1003281, Casanovo, 3.3.0];-0.5623914587956209;null;null;3.0;;
PSM;LATVSLPR;117;null;null;null;null;[MS, MS:1003281, Casanovo, 3.3.0];0.999153196811676;null;null;2.0;;
PSM;AGTLSPPFLLLR;118;null;null;null;null;[MS, MS:1003281, Casanovo, 3.3.0];-0.4037966831372335;null;null;3.0;;
PSM;QNKPPGGEN;119;null;null;null;null;[MS, MS:1003281, Casanovo, 3.3.0];-0.41863832324743266;null;null;2.0;;
PSM;RTNAENEFVTLK;120;null;null;null;null;[MS, MS:1003281, Casanovo, 3.3.0];-0.056671287004764315;null;null;3.0;;
PSM;LPERLEELER;121;null;null;null;null;[MS, MS:1003281, Casanovo, 3.3.0];-0.5854431946169246;null;null;3.0;;
PSM;VATVSLPR;122;null;null;null;null;[MS, MS:1003281, Casanovo, 3.3.0];0.9998667240142822;null;null;2.0;;
PSM;EGLKPFPVLLR;123;null;null;null;null;[MS, MS:1003281, Casanovo, 3.3.0];-0.43344393372535706;null;null;3.0;;
PSM;LATVSLPR;124;null;null;null;null;[MS, MS:1003281, Casanovo, 3.3.0];0.9997380971908569;null;null;2.0;;
PSM;RPLPLPAPGLTR;125;null;null;null;null;[MS, MS:1003281, Casanovo, 3.3.0];-0.445730155477157;null;null;3.0;;
PSM;FEMENQLR;126;null;null;null;null;[MS, MS:1003281, Casanovo, 3.3.0];0.9303005072805617;null;null;2.0;;
PSM;+42.011GASSSLPAGNQFTYR;127;null;null;null;null;[MS, MS:1003281, Casanovo, 3.3.0];-0.5198071393020013;null;null;3.0;;
PSM;RASQENEFVTLK;128;null;null;null;null;[MS, MS:1003281, Casanovo, 3.3.0];0.8597764986065718;null;null;2.0;;
PSM;LSNSSLQGVSFQGGNQLLQR;129;null;null;null;null;[MS, MS:1003281, Casanovo, 3.3.0];-0.5196697781128543;null;null;3.0;;
PSM;VATVSLPR;130;null;null;null;null;[MS, MS:1003281, Casanovo, 3.3.0];0.9996430145369636;null;null;2.0;;
PSM;VGLLLTTLFKR;131;null;null;null;null;[MS, MS:1003281, Casanovo, 3.3.0];-0.555382816741864;null;null;3.0;;
PSM;LATVSLPR;132;null;null;null;null;[MS, MS:1003281, Casanovo, 3.3.0];0.9997811847262912;null;null;2.0;;
PSM;ESVKPLVLLQR;133;null;null;null;null;[MS, MS:1003281, Casanovo, 3.3.0];-0.4788697473704815;null;null;3.0;;
PSM;FEMEQNLR;134;null;null;null;null;[MS, MS:1003281, Casanovo, 3.3.0];0.9977644483248392;null;null;2.0;;
PSM;RYHLGNYEDLYR;135;null;null;null;null;[MS, MS:1003281, Casanovo, 3.3.0];-0.6246207430958748;null;null;3.0;;
PSM;+42.011GSVLPGSPR;136;null;null;null;null;[MS, MS:1003281, Casanovo, 3.3.0];-0.34738684242421936;null;null;2.0;;
PSM;QSVSSSLDELHR;137;null;null;null;null;[MS, MS:1003281, Casanovo, 3.3.0];-0.4096285884196942;null;null;3.0;;
PSM;VVTVSLPR;138;null;null;null;null;[MS, MS:1003281, Casanovo, 3.3.0];0.9645213219854567;null;null;2.0;;
PSM;ALLRPSGLLVLR;139;null;null;null;null;[MS, MS:1003281, Casanovo, 3.3.0];-0.5176212879327627;null;null;3.0;;
PSM;VATVSLPR;140;null;null;null;null;[MS, MS:1003281, Casanovo, 3.3.0];0.9994916187392341;null;null;2.0;;
PSM;GSLGPPFLLLPR;141;null;null;null;null;[MS, MS:1003281, Casanovo, 3.3.0];-0.5446597773295183;null;null;3.0;;
PSM;ALTVSPLR;142;null;null;null;null;[MS, MS:1003281, Casanovo, 3.3.0];0.9690610832638211;null;null;2.0;;
PSM;ESVKPLLVLQR;143;null;null;null;null;[MS, MS:1003281, Casanovo, 3.3.0];-0.4415920292958617;null;null;3.0;;
PSM;ASVQPSGPR;144;null;null;null;null;[MS, MS:1003281, Casanovo, 3.3.0];-0.30554303005337713;null;null;2.0;;
PSM;QSVEADLNGLRR;145;null;null;null;null;[MS, MS:1003281, Casanovo, 3.3.0];-0.039828639764052154;null;null;3.0;;
PSM;+42.011RTVSLPR;146;null;null;null;null;[MS, MS:1003281, Casanovo, 3.3.0];0.8296035311391784;null;null;2.0;;
PSM;GGLLLPNLLLKR;147;null;null;null;null;[MS, MS:1003281, Casanovo, 3.3.0];-0.5192788392305374;null;null;3.0;;
PSM;VATVSLPR;148;null;null;null;null;[MS, MS:1003281, Casanovo, 3.3.0];0.9970557888348898;null;null;2.0;;
PSM;SSLKPATLLPLK;149;null;null;null;null;[MS, MS:1003281, Casanovo, 3.3.0];-0.504751692024561;null;null;3.0;;
PSM;QGVDADLNGLR;150;null;null;null;null;[MS, MS:1003281, Casanovo, 3.3.0];0.9599210868279139;null;null;2.0;;
PSM;EVQQVPAGLC+57.021VSTPEK;151;null;null;null;null;[MS, MS:1003281, Casanovo, 3.3.0];-0.3751180645297555;null;null;3.0;;
PSM;GPSAHPSPR;152;null;null;null;null;[MS, MS:1003281, Casanovo, 3.3.0];0.6971791543066501;null;null;2.0;;
PSM;KSQVPGRPHPMK;153;null;null;null;null;[MS, MS:1003281, Casanovo, 3.3.0];-0.37476385800311196;null;null;3.0;;
PSM;+42.011RTVSLPR;154;null;null;null;null;[MS, MS:1003281, Casanovo, 3.3.0];0.8228480744486054;null;null;2.0;;
PSM;ESLKPAGLLLLR;155;null;null;null;null;[MS, MS:1003281, Casanovo, 3.3.0];-0.5195844459992189;null;null;3.0;;
PSM;FLEQQNQVLQTK;156;null;null;null;null;[MS, MS:1003281, Casanovo, 3.3.0];0.9933070311179528;null;null;2.0;;
PSM;-17.027QAFLTSHQVLLVQNQEQNK;157;null;null;null;null;[MS, MS:1003281, Casanovo, 3.3.0];-0.29979296667235233;null;null;3.0;;
PSM;GLTVSLPR;158;null;null;null;null;[MS, MS:1003281, Casanovo, 3.3.0];0.9721109867095947;null;null;2.0;;
PSM;-17.027QSLLAGAHVLLR;159;null;null;null;null;[MS, MS:1003281, Casanovo, 3.3.0];-0.541970994323492;null;null;3.0;;
PSM;QGVDADLGNLR;160;null;null;null;null;[MS, MS:1003281, Casanovo, 3.3.0];0.9566721320152283;null;null;2.0;;
PSM;VWERPPGELLPTSEK;161;null;null;null;null;[MS, MS:1003281, Casanovo, 3.3.0];-0.5044685122556984;null;null;3.0;;
PSM;LELSELNR;162;null;null;null;null;[MS, MS:1003281, Casanovo, 3.3.0];0.9976096418168809;null;null;2.0;;
PSM;VETGLPGSNSSVVVK;163;null;null;null;null;[MS, MS:1003281, Casanovo, 3.3.0];-0.34690582752227783;null;null;3.0;;
PSM;VVTVSLPR;164;null;null;null;null;[MS, MS:1003281, Casanovo, 3.3.0];0.9664129283693101;null;null;2.0;;
PSM;ETLLPNKLLLR;165;null;null;null;null;[MS, MS:1003281, Casanovo, 3.3.0];-0.4946894285579523;null;null;3.0;;
PSM;FLEQQNQVLQTK;166;null;null;null;null;[MS, MS:1003281, Casanovo, 3.3.0];0.997935937001155;null;null;2.0;;
PSM;AQQLQSVQLNHQPRPPLTH;167;null;null;null;null;[MS, MS:1003281, Casanovo, 3.3.0];-0.37419768348336224;null;null;3.0;;
PSM;AVTVTVPR;168;null;null;null;null;[MS, MS:1003281, Casanovo, 3.3.0];0.932891501320733;null;null;2.0;;
PSM;SSVTLPGKVLLR;169;null;null;null;null;[MS, MS:1003281, Casanovo, 3.3.0];-0.36877564512766325;null;null;3.0;;
PSM;LELSELNR;170;null;null;null;null;[MS, MS:1003281, Casanovo, 3.3.0];0.9994157552719116;null;null;2.0;;
PSM;LELQLGQYLHTK;171;null;null;null;null;[MS, MS:1003281, Casanovo, 3.3.0];-0.28839056537701535;null;null;3.0;;
PSM;YLDGLTAER;172;null;null;null;null;[MS, MS:1003281, Casanovo, 3.3.0];0.993515956401825;null;null;2.0;;
PSM;TYPGLPPQTLYYR;173;null;null;null;null;[MS, MS:1003281, Casanovo, 3.3.0];-0.36426345897572376;null;null;3.0;;
PSM;VVTVSPLR;174;null;null;null;null;[MS, MS:1003281, Casanovo, 3.3.0];0.9742473827468024;null;null;2.0;;
PSM;ETLLPNLLLKR;175;null;null;null;null;[MS, MS:1003281, Casanovo, 3.3.0];-0.4910309221595526;null;null;3.0;;
PSM;GLTVTVPR;176;null;null;null;null;[MS, MS:1003281, Casanovo, 3.3.0];0.9320684572060903;null;null;2.0;;
PSM;APKLPGGFLLVR;177;null;null;null;null;[MS, MS:1003281, Casanovo, 3.3.0];-0.5062990905000613;null;null;3.0;;
PSM;LELSELNR;178;null;null;null;null;[MS, MS:1003281, Casanovo, 3.3.0];0.9972067872683207;null;null;2.0;;
PSM;GSKQSLPYPENLK;179;null;null;null;null;[MS, MS:1003281, Casanovo, 3.3.0];-0.44264982108558926;null;null;3.0;;
PSM;YLDGLTAER;180;null;null;null;null;[MS, MS:1003281, Casanovo, 3.3.0];0.9982746958732605;null;null;2.0;;
PSM;GPPAPVPPEGGVLRPD;181;null;null;null;null;[MS, MS:1003281, Casanovo, 3.3.0];0.5592846916988492;null;null;3.0;;
PSM;GLTVSLPR;182;null;null;null;null;[MS, MS:1003281, Casanovo, 3.3.0];0.9715061916245354;null;null;2.0;;
PSM;AGVLLPALRPPR;183;null;null;null;null;[MS, MS:1003281, Casanovo, 3.3.0];-0.49082930042193484;null;null;3.0;;
PSM;YEELQLTQR;184;null;null;null;null;[MS, MS:1003281, Casanovo, 3.3.0];0.98908651471138;null;null;2.0;;
PSM;QTLAPDPPVGQQTPYR;185;null;null;null;null;[MS, MS:1003281, Casanovo, 3.3.0];0.5474452641792595;null;null;3.0;;
PSM;YEELQLTAGR;186;null;null;null;null;[MS, MS:1003281, Casanovo, 3.3.0];0.9989136349071156;null;null;2.0;;
PSM;SPLATVSLQLEQM+15.995GQR;187;null;null;null;null;[MS, MS:1003281, Casanovo, 3.3.0];-0.4007877326186966;null;null;3.0;;
PSM;YEELQLTAGR;188;null;null;null;null;[MS, MS:1003281, Casanovo, 3.3.0];0.9993703473698009;null;null;2.0;;
PSM;LQEDSRPSVGNPDGQR;189;null;null;null;null;[MS, MS:1003281, Casanovo, 3.3.0];-0.38154292457243977;null;null;3.0;;
PSM;+43.006LSSPAGGLTSR;190;null;null;null;null;[MS, MS:1003281, Casanovo, 3.3.0];0.8233163024370487;null;null;2.0;;
PSM;AASLTVPSATLEELTK;191;null;null;null;null;[MS, MS:1003281, Casanovo, 3.3.0];-0.5366904989761465;null;null;3.0;;
PSM;VLM+15.995C+57.021MDNSR;192;null;null;null;null;[MS, MS:1003281, Casanovo, 3.3.0];0.5753722013905644;null;null;2.0;;
PSM;PC+57.021C+57.021HPGPPGAQGC+57.021C+57.021R;193;null;null;null;null;[MS, MS:1003281, Casanovo, 3.3.0];0.4861448723822832;null;null;3.0;;
PSM;MC+57.021C+57.021PSHR;194;null;null;null;null;[MS, MS:1003281, Casanovo, 3.3.0];-0.47398427315056324;null;null;2.0;;
PSM;LLRLEELQTYR;195;null;null;null;null;[MS, MS:1003281, Casanovo, 3.3.0];0.7256754574676355;null;null;3.0;;
PSM;EC+57.021EEEEK;196;null;null;null;null;[MS, MS:1003281, Casanovo, 3.3.0];-0.6030034981667995;null;null;2.0;;
PSM;NLRLQELQTYR;197;null;null;null;null;[MS, MS:1003281, Casanovo, 3.3.0];0.737974447508653;null;null;3.0;;
PSM;YEELQVTVGR;198;null;null;null;null;[MS, MS:1003281, Casanovo, 3.3.0];0.9972502264109525;null;null;2.0;;
PSM;ASQPEKPPTQLLGSSEK;199;null;null;null;null;[MS, MS:1003281, Casanovo, 3.3.0];-0.4774754593769709;null;null;3.0;;
PSM;YEELQVTVGR;200;null;null;null;null;[MS, MS:1003281, Casanovo, 3.3.0];0.9880732081153176;null;null;2.0;;
PSM;EEELAANGSKPVVLDGR;201;null;null;null;null;[MS, MS:1003281, Casanovo, 3.3.0];-0.3581238372458352;null;null;3.0;;
PSM;LSERWLR;202;null;null;null;null;[MS, MS:1003281, Casanovo, 3.3.0];-0.5993841243907809;null;null;2.0;;
PSM;RPLLPLKPVVFR;203;null;null;null;null;[MS, MS:1003281, Casanovo, 3.3.0];-0.49864010914013934;null;null;3.0;;
PSM;SLSC+57.021LNAATSSSLR;204;null;null;null;null;[MS, MS:1003281, Casanovo, 3.3.0];-0.5340402389566103;null;null;2.0;;
PSM;YSQGNVSAVGVTGDYHTSVVR;205;null;null;null;null;[MS, MS:1003281, Casanovo, 3.3.0];-0.12377684834328562;null;null;3.0;;
PSM;AFSFLDK;206;null;null;null;null;[MS, MS:1003281, Casanovo, 3.3.0];0.8887572027742863;null;null;2.0;;
PSM;EERPPPRPPR;207;null;null;null;null;[MS, MS:1003281, Casanovo, 3.3.0];-0.6614529754627835;null;null;3.0;;
PSM;TNAENEFVTLK;208;null;null;null;null;[MS, MS:1003281, Casanovo, 3.3.0];0.9974995404481888;null;null;2.0;;
PSM;PPYDTLKETTTLENM+15.995K;209;null;null;null;null;[MS, MS:1003281, Casanovo, 3.3.0];0.5655493525897756;null;null;3.0;;
PSM;GQSGQQM+15.995GPQGPPGN;210;null;null;null;null;[MS, MS:1003281, Casanovo, 3.3.0];-0.4532843609340489;null;null;2.0;;
PSM;YSQGNVSAVGVTYDGHTALTR;211;null;null;null;null;[MS, MS:1003281, Casanovo, 3.3.0];-0.07628911598162214;null;null;3.0;;
PSM;AFSFLDK;212;null;null;null;null;[MS, MS:1003281, Casanovo, 3.3.0];0.9518644139170647;null;null;2.0;;
PSM;M+15.995DRPPVGQSSR;213;null;null;null;null;[MS, MS:1003281, Casanovo, 3.3.0];-0.432041447609663;null;null;3.0;;
PSM;TNAENEFVTLK;214;null;null;null;null;[MS, MS:1003281, Casanovo, 3.3.0];0.9996034055948257;null;null;2.0;;
PSM;ASQMTLTNAQPTRPLPGN;215;null;null;null;null;[MS, MS:1003281, Casanovo, 3.3.0];0.6227950092993284;null;null;3.0;;
PSM;QVLDNLTMEK;216;null;null;null;null;[MS, MS:1003281, Casanovo, 3.3.0];0.9998837113380432;null;null;2.0;;
PSM;ASSSSPVPSNPSQQFLR;217;null;null;null;null;[MS, MS:1003281, Casanovo, 3.3.0];-0.4715011095007261;null;null;3.0;;
PSM;EYYEAPDSYRPS;218;null;null;null;null;[MS, MS:1003281, Casanovo, 3.3.0];-0.5398105878669481;null;null;2.0;;
PSM;YSQGNVSAVGVTNNVNNGM+15.995KK;219;null;null;null;null;[MS, MS:1003281, Casanovo, 3.3.0];-0.1401674005795609;null;null;3.0;;
PSM;QSLEASLAETEGR;220;null;null;null;null;[MS, MS:1003281, Casanovo, 3.3.0];0.9836525704179492;null;null;2.0;;
PSM;GSSYQTAPGATGLYGQELER;221;null;null;null;null;[MS, MS:1003281, Casanovo, 3.3.0];-0.5332336539313907;null;null;3.0;;
PSM;+42.011PAPHC+57.021GGYGDSC+57.021R;222;null;null;null;null;[MS, MS:1003281, Casanovo, 3.3.0];-0.564578860004743;null;null;2.0;;
PSM;YSQGNVSAVGVTYDPQNLQR;223;null;null;null;null;[MS, MS:1003281, Casanovo, 3.3.0];-0.11845611709923975;null;null;3.0;;
PSM;TAAENDFVTLK;224;null;null;null;null;[MS, MS:1003281, Casanovo, 3.3.0];0.9990819096565247;null;null;2.0;;
PSM;+42.011AERPPGLHATLEELSR;225;null;null;null;null;[MS, MS:1003281, Casanovo, 3.3.0];-0.6289555550449424;null;null;3.0;;
PSM;LNALEPLER;226;null;null;null;null;[MS, MS:1003281, Casanovo, 3.3.0];0.9337579846382141;null;null;2.0;;
PSM;EC+57.021EDPNTRPLLSR;227;null;null;null;null;[MS, MS:1003281, Casanovo, 3.3.0];-0.5116324794611761;null;null;3.0;;
PSM;TLLDLDNTR;228;null;null;null;null;[MS, MS:1003281, Casanovo, 3.3.0];0.9509634435176849;null;null;2.0;;
PSM;KSSFSPSSLLGGMSSK;229;null;null;null;null;[MS, MS:1003281, Casanovo, 3.3.0];-0.6051321086638114;null;null;3.0;;
PSM;GEVEDLESVGK;230;null;null;null;null;[MS, MS:1003281, Casanovo, 3.3.0];0.9715621670087179;null;null;2.0;;
PSM;DPELTENLNAMDSYK;231;null;null;null;null;[MS, MS:1003281, Casanovo, 3.3.0];0.5892242642585188;null;null;3.0;;
PSM;QLSNLQQSLSDAEQR;232;null;null;null;null;[MS, MS:1003281, Casanovo, 3.3.0];0.9636288769543171;null;null;2.0;;
PSM;KLLEEEEEELQQQGQQEELEK;233;null;null;null;null;[MS, MS:1003281, Casanovo, 3.3.0];-0.658832187679681;null;null;3.0;;
PSM;TLLDLDSQR;234;null;null;null;null;[MS, MS:1003281, Casanovo, 3.3.0];0.9405529707670212;null;null;2.0;;
PSM;VGSSQLPSLLPGTTSR;235;null;null;null;null;[MS, MS:1003281, Casanovo, 3.3.0];-0.490185897139942;null;null;3.0;;
PSM;DQLVDLTVGNNK;236;null;null;null;null;[MS, MS:1003281, Casanovo, 3.3.0];0.9850725760826697;null;null;2.0;;
PSM;QSNLNEKLNAPLTDYQK;237;null;null;null;null;[MS, MS:1003281, Casanovo, 3.3.0];-0.39813215616676545;null;null;3.0;;
PSM;TLLDLDNTR;238;null;null;null;null;[MS, MS:1003281, Casanovo, 3.3.0];0.9629884004592896;null;null;2.0;;
PSM;GSPPLPPSSLEELLR;239;null;null;null;null;[MS, MS:1003281, Casanovo, 3.3.0];-0.5134316999465227;null;null;3.0;;
PSM;MTLDDFR;240;null;null;null;null;[MS, MS:1003281, Casanovo, 3.3.0];0.9381095319986343;null;null;2.0;;
PSM;+42.011C+57.021HLPLDDM+15.995YK;241;null;null;null;null;[MS, MS:1003281, Casanovo, 3.3.0];-0.4011185057461262;null;null;3.0;;
PSM;LAELEEALQK;242;null;null;null;null;[MS, MS:1003281, Casanovo, 3.3.0];0.9359899027781053;null;null;2.0;;
PSM;+42.011QPPVLVGVETTHLER;243;null;null;null;null;[MS, MS:1003281, Casanovo, 3.3.0];-0.5418034594725161;null;null;3.0;;
PSM;PVTVSLPR;244;null;null;null;null;[MS, MS:1003281, Casanovo, 3.3.0];0.8559359923625985;null;null;2.0;;
PSM;LPLRPPPRPLR;245;null;null;null;null;[MS, MS:1003281, Casanovo, 3.3.0];-0.5649910569190979;null;null;3.0;;
PSM;MTLDDFR;246;null;null;null;null;[MS, MS:1003281, Casanovo, 3.3.0];0.999553345143795;null;null;2.0;;
PSM;+42.011NKEGPDPETYR;247;null;null;null;null;[MS, MS:1003281, Casanovo, 3.3.0];-0.44965385015194237;null;null;3.0;;
PSM;GEEAWFNEK;248;null;null;null;null;[MS, MS:1003281, Casanovo, 3.3.0];0.9838287591934204;null;null;2.0;;
PSM;+43.006AC+57.021QPPC+57.021GAEEGWEK;249;null;null;null;null;[MS, MS:1003281, Casanovo, 3.3.0];0.46429217141121626;null;null;3.0;;
PSM;NTDNAMLANLAGR;250;null;null;null;null;[MS, MS:1003281, Casanovo, 3.3.0];0.9921963129724775;null;null;2.0;;
PSM;ASSLLSLPNSTESELENLK;251;null;null;null;null;[MS, MS:1003281, Casanovo, 3.3.0];-0.6513870093971491;null;null;3.0;;
PSM;PVTVSLPR;252;null;null;null;null;[MS, MS:1003281, Casanovo, 3.3.0];0.863320940070682;null;null;2.0;;
PSM;ELLLTTKELLK;253;null;null;null;null;[MS, MS:1003281, Casanovo, 3.3.0];-0.5729307352254789;null;null;3.0;;
PSM;MTLDDFR;254;null;null;null;null;[MS, MS:1003281, Casanovo, 3.3.0];0.9976059347391129;null;null;2.0;;
PSM;+42.011SSLQPGDEPSGPK;255;null;null;null;null;[MS, MS:1003281, Casanovo, 3.3.0];-0.4187468325098356;null;null;3.0;;
PSM;GEEAWFNEK;256;null;null;null;null;[MS, MS:1003281, Casanovo, 3.3.0];0.9337039887905121;null;null;2.0;;
PSM;QEGDFGEGSNELEEK;257;null;null;null;null;[MS, MS:1003281, Casanovo, 3.3.0];-0.4671069816686213;null;null;3.0;;
PSM;-17.027QSVEADLNGLRR;258;null;null;null;null;[MS, MS:1003281, Casanovo, 3.3.0];0.9466182781117303;null;null;2.0;;
PSM;ASEELRPPPEELEELLR;259;null;null;null;null;[MS, MS:1003281, Casanovo, 3.3.0];-0.6085641694565613;null;null;3.0;;
PSM;-17.027QSVEADLGNLRR;260;null;null;null;null;[MS, MS:1003281, Casanovo, 3.3.0];0.9621946258204324;null;null;2.0;;
PSM;AAAQAAAAAAAAAQASPNLLQR;261;null;null;null;null;[MS, MS:1003281, Casanovo, 3.3.0];-0.5701703882735709;null;null;3.0;;
PSM;LLDELTAEK;262;null;null;null;null;[MS, MS:1003281, Casanovo, 3.3.0];0.884809073805809;null;null;2.0;;
PSM;TPWLPSPPLVGRPK;263;null;null;null;null;[MS, MS:1003281, Casanovo, 3.3.0];0.5076912179589271;null;null;3.0;;
PSM;VPTVPSLR;264;null;null;null;null;[MS, MS:1003281, Casanovo, 3.3.0];0.8168696247869067;null;null;2.0;;
PSM;GSLLPGSAALRLR;265;null;null;null;null;[MS, MS:1003281, Casanovo, 3.3.0];-0.559661403298378;null;null;3.0;;
PSM;VLDELTLTK;266;null;null;null;null;[MS, MS:1003281, Casanovo, 3.3.0];0.9903296291828155;null;null;2.0;;
PSM;LTTLTPSKPVGGVFK;267;null;null;null;null;[MS, MS:1003281, Casanovo, 3.3.0];0.6058813510462642;null;null;3.0;;
PSM;PVTVSLPR;268;null;null;null;null;[MS, MS:1003281, Casanovo, 3.3.0];0.8625790865884887;null;null;2.0;;
PSM;TPAALPAAPLLLR;269;null;null;null;null;[MS, MS:1003281, Casanovo, 3.3.0];-0.3889589299048696;null;null;3.0;;
PSM;VLDELTLTK;270;null;null;null;null;[MS, MS:1003281, Casanovo, 3.3.0];0.9947241246700287;null;null;2.0;;
PSM;VPVYSPFLRPLEK;271;null;null;null;null;[MS, MS:1003281, Casanovo, 3.3.0];0.5219128972717694;null;null;3.0;;
PSM;QWTSGEPAAGRPSMP;272;null;null;null;null;[MS, MS:1003281, Casanovo, 3.3.0];-0.406606066506356;null;null;2.0;;
PSM;PAGASEMAGDVAVLQASPSTQHAR;273;null;null;null;null;[MS, MS:1003281, Casanovo, 3.3.0];-0.12787358991801734;null;null;3.0;;
PSM;VLFNLDNQR;274;null;null;null;null;[MS, MS:1003281, Casanovo, 3.3.0];0.9772205471992492;null;null;2.0;;
PSM;LEELDPGRVEELER;275;null;null;null;null;[MS, MS:1003281, Casanovo, 3.3.0];-0.5367391596237818;null;null;3.0;;
PSM;GPTPLQVGVGLK;276;null;null;null;null;[MS, MS:1003281, Casanovo, 3.3.0];0.9649085081540622;null;null;2.0;;
PSM;QPVLQATLVKNPAVFK;277;null;null;null;null;[MS, MS:1003281, Casanovo, 3.3.0];-0.3471259430927389;null;null;3.0;;
PSM;QVDLEDALQQAK;278;null;null;null;null;[MS, MS:1003281, Casanovo, 3.3.0];0.9457058287583865;null;null;2.0;;
PSM;+42.011PPGFGSGGVGGGSGDGYGNLRK;279;null;null;null;null;[MS, MS:1003281, Casanovo, 3.3.0];0.5466669636468092;null;null;3.0;;
PSM;PGTPLQVGVGLK;280;null;null;null;null;[MS, MS:1003281, Casanovo, 3.3.0];0.9999104738235474;null;null;2.0;;
PSM;LGVGGPTPAFSSTGVLMR;281;null;null;null;null;[MS, MS:1003281, Casanovo, 3.3.0];-0.41316487718569606;null;null;3.0;;
PSM;+43.006YSQGNVRVGVGGHGDLLHSDK;282;null;null;null;null;[MS, MS:1003281, Casanovo, 3.3.0];0.7470842405505802;null;null;2.0;;
PSM;ESGSSYRPSSSSPAPTLPATLTC+57.021EEPANSGC+57.021R;283;null;null;null;null;[MS, MS:1003281, Casanovo, 3.3.0];-0.5273950070594297;null;null;3.0;;
PSM;LNDLEDALQQAK;284;null;null;null;null;[MS, MS:1003281, Casanovo, 3.3.0];0.9694143900504479;null;null;2.0;;
PSM;+42.011ELGGSPSLANGDKNYLAFR;285;null;null;null;null;[MS, MS:1003281, Casanovo, 3.3.0];-0.545285028183744;null;null;3.0;;
PSM;VLDELTALR;286;null;null;null;null;[MS, MS:1003281, Casanovo, 3.3.0];0.9761582851409912;null;null;2.0;;
PSM;TSPPLSRPPLPGPAR;287;null;null;null;null;[MS, MS:1003281, Casanovo, 3.3.0];0.614745469763875;null;null;3.0;;
PSM;RDTLLLELK;288;null;null;null;null;[MS, MS:1003281, Casanovo, 3.3.0];0.9846066951751709;null;null;2.0;;
PSM;AGSELLGGQLLLELLK;289;null;null;null;null;[MS, MS:1003281, Casanovo, 3.3.0];-0.5150411777636584;null;null;3.0;;
PSM;RDTLLLELK;290;null;null;null;null;[MS, MS:1003281, Casanovo, 3.3.0];0.9981032907962799;null;null;2.0;;
PSM;RYLLPVNLLLGLSR;291;null;null;null;null;[MS, MS:1003281, Casanovo, 3.3.0];-0.42643335660298665;null;null;3.0;;
PSM;VGC+57.021SENGSK;292;null;null;null;null;[MS, MS:1003281, Casanovo, 3.3.0];0.6150942116975784;null;null;2.0;;
PSM;HDSLPSFGSDNSK;293;null;null;null;null;[MS, MS:1003281, Casanovo, 3.3.0];-0.4681210326296943;null;null;3.0;;
PSM;+43.006VATVSLPR;294;null;null;null;null;[MS, MS:1003281, Casanovo, 3.3.0];0.9704767405986786;null;null;2.0;;
PSM;VNGRPGPLTFLR;295;null;null;null;null;[MS, MS:1003281, Casanovo, 3.3.0];0.5064332152788455;null;null;3.0;;
PSM;PAPQGSSER;296;null;null;null;null;[MS, MS:1003281, Casanovo, 3.3.0];0.599965001642704;null;null;2.0;;
PSM;+43.006LYHPGENELER;297;null;null;null;null;[MS, MS:1003281, Casanovo, 3.3.0];-0.5201718360185623;null;null;3.0;;
PSM;RDTLLLELK;298;null;null;null;null;[MS, MS:1003281, Casanovo, 3.3.0];0.9423039197921753;null;null;2.0;;
PSM;LGLLGLPEQLLQLLK;299;null;null;null;null;[MS, MS:1003281, Casanovo, 3.3.0];-0.5015604896470904;null;null;3.0;;
PSM;+43.006LC+57.021NLYHLLEGGPED;300;null;null;null;null;[MS, MS:1003281, Casanovo, 3.3.0];0.6516851873602718;null;null;2.0;;
PSM;QLETYHNLLEGGQEDFEGSSGAK;301;null;null;null;null;[MS, MS:1003281, Casanovo, 3.3.0];0.8179329477497959;null;null;3.0;;
PSM;VTTAC+57.021GDTL;302;null;null;null;null;[MS, MS:1003281, Casanovo, 3.3.0];0.47996551021933553;null;null;2.0;;
PSM;+43.006-17.027RHGNPGYGGGFNR;303;null;null;null;null;[MS, MS:1003281, Casanovo, 3.3.0];-0.5443145357072353;null;null;3.0;;
PSM;+43.006VATVSLPR;304;null;null;null;null;[MS, MS:1003281, Casanovo, 3.3.0];0.9809940338134766;null;null;2.0;;
PSM;KDLPPGVLPTQR;305;null;null;null;null;[MS, MS:1003281, Casanovo, 3.3.0];-0.33907191340739906;null;null;3.0;;
PSM;QESHNWK;306;null;null;null;null;[MS, MS:1003281, Casanovo, 3.3.0];0.4450014512985945;null;null;2.0;;
PSM;+42.011NLGDEEFVHYK;307;null;null;null;null;[MS, MS:1003281, Casanovo, 3.3.0];0.5927876536376201;null;null;3.0;;
PSM;DRTLLLELK;308;null;null;null;null;[MS, MS:1003281, Casanovo, 3.3.0];0.9663879930973053;null;null;2.0;;
PSM;FSVLLPNSLVSLLLK;309;null;null;null;null;[MS, MS:1003281, Casanovo, 3.3.0];-0.5176828717812896;null;null;3.0;;
PSM;RDTLLLELK;310;null;null;null;null;[MS, MS:1003281, Casanovo, 3.3.0];0.970274955034256;null;null;2.0;;
PSM;AGNLLVPSGLLLLLQK;311;null;null;null;null;[MS, MS:1003281, Casanovo, 3.3.0];-0.4523157543119263;null;null;3.0;;
PSM;NLDLEEALQQAK;312;null;null;null;null;[MS, MS:1003281, Casanovo, 3.3.0];0.9487718137410971;null;null;2.0;;
PSM;LSVYTELQNVGELRPEVN;313;null;null;null;null;[MS, MS:1003281, Casanovo, 3.3.0];-0.4574626856728604;null;null;3.0;;
PSM;ESGGGPGSPGSPAGGYK;314;null;null;null;null;[MS, MS:1003281, Casanovo, 3.3.0];-0.42625637352466583;null;null;2.0;;
PSM;LGEHNLDVLEGNEQFLNAAK;315;null;null;null;null;[MS, MS:1003281, Casanovo, 3.3.0];-0.03331570114408222;null;null;3.0;;
PSM;GSSGSGGSGHGGAGPGDDEGYK;316;null;null;null;null;[MS, MS:1003281, Casanovo, 3.3.0];-0.5242743903528089;null;null;2.0;;
PSM;LLGQLHPEDGVHGGVGALTADAVSNFLR;317;null;null;null;null;[MS, MS:1003281, Casanovo, 3.3.0];0.5731990188360214;null;null;3.0;;
PSM;+42.011GQGETAGKTEAPSFEQELWAK;318;null;null;null;null;[MS, MS:1003281, Casanovo, 3.3.0];0.627317127974137;null;null;2.0;;
PSM;GSSEGLSSTPLTSSLFPSGGNSESYLLQEELER;319;null;null;null;null;[MS, MS:1003281, Casanovo, 3.3.0];-0.6210106335142079;null;null;3.0;;
PSM;-17.027ASSENPALPQTSER;320;null;null;null;null;[MS, MS:1003281, Casanovo, 3.3.0];0.5113525573380002;null;null;2.0;;
PSM;SGEDDDDPPLLEEEEEEEK;321;null;null;null;null;[MS, MS:1003281, Casanovo, 3.3.0];-0.5751854605972767;null;null;3.0;;
PSM;SLNPDHTLLEGNEQFLNAAK;322;null;null;null;null;[MS, MS:1003281, Casanovo, 3.3.0];0.8798862865992955;null;null;2.0;;
PSM;AAEEELQELLLSGTEELEPGHSSLLSASSYK;323;null;null;null;null;[MS, MS:1003281, Casanovo, 3.3.0];-0.5573297450318933;null;null;3.0;;
PSM;ADSLGNGSPYPSGKK;324;null;null;null;null;[MS, MS:1003281, Casanovo, 3.3.0];-0.33542492520064116;null;null;2.0;;
PSM;GLDHGEVGLLEGNEQFRNVK;325;null;null;null;null;[MS, MS:1003281, Casanovo, 3.3.0];-0.2964457110280082;null;null;3.0;;
PSM;THGQQPLSGHAPSGTPGLEHNAL;326;null;null;null;null;[MS, MS:1003281, Casanovo, 3.3.0];0.5983311105519533;null;null;2.0;;
PSM;GLHEDC+57.021HVDSAAGGVGAGFAVSAPM+15.995EEEEEEEK;327;null;null;null;null;[MS, MS:1003281, Casanovo, 3.3.0];-0.5964400202912443;null;null;3.0;;
PSM;+42.011MTTNFLPNNC+57.021GR;328;null;null;null;null;[MS, MS:1003281, Casanovo, 3.3.0];-0.5086555454347814;null;null;2.0;;
PSM;GNPYLRQTTSM+15.995GD;329;null;null;null;null;[MS, MS:1003281, Casanovo, 3.3.0];-0.4262414276599884;null;null;2.0;;
PSM;LGEHNLDVLEGNEQFLNAAK;330;null;null;null;null;[MS, MS:1003281, Casanovo, 3.3.0];-0.037850869553429756;null;null;3.0;;
PSM;GELHNLDVANSGFN;331;null;null;null;null;[MS, MS:1003281, Casanovo, 3.3.0];-0.4358786662419637;null;null;2.0;;
PSM;+43.006NELHQLVLEGNQ+0.984QFLNGVK;332;null;null;null;null;[MS, MS:1003281, Casanovo, 3.3.0];0.7525243309016029;null;null;3.0;;
PSM;LESLGAGLYPGHGGR;333;null;null;null;null;[MS, MS:1003281, Casanovo, 3.3.0];-0.49652777099981904;null;null;2.0;;
PSM;LNGHELDVLEGNEQFLGQAK;334;null;null;null;null;[MS, MS:1003281, Casanovo, 3.3.0];-0.08225775013367331;null;null;3.0;;
PSM;GLEHNLDKNGNFL;335;null;null;null;null;[MS, MS:1003281, Casanovo, 3.3.0];-0.44399585707911426;null;null;2.0;;
PSM;DNLHALDVLEGNEQFLNAAK;336;null;null;null;null;[MS, MS:1003281, Casanovo, 3.3.0];-0.13936509085553028;null;null;3.0;;
PSM;YSSSGSPGPGPGSPGGQ;337;null;null;null;null;[MS, MS:1003281, Casanovo, 3.3.0];-0.5574553257061375;null;null;2.0;;
PSM;LSAHNLTELEGNEQFLNAAK;338;null;null;null;null;[MS, MS:1003281, Casanovo, 3.3.0];-0.08779789578346975;null;null;3.0;;
PSM;VRQ+0.984GNEQLFDAAK;339;null;null;null;null;[MS, MS:1003281, Casanovo, 3.3.0];-0.2519403008211937;null;null;2.0;;
PSM;LGEHGDGLVLEGNEQFLN+0.984AAK;340;null;null;null;null;[MS, MS:1003281, Casanovo, 3.3.0];0.8606009940532121;null;null;3.0;;
PSM;QSSC+57.021GKPSSTDEDS;341;null;null;null;null;[MS, MS:1003281, Casanovo, 3.3.0];-0.5474063416322072;null;null;2.0;;
PSM;LGEHNLDVLEGNEQFLGQ+0.984AK;342;null;null;null;null;[MS, MS:1003281, Casanovo, 3.3.0];-0.10172423152696519;null;null;3.0;;
PSM;ENEELLTSLVSDK;343;null;null;null;null;[MS, MS:1003281, Casanovo, 3.3.0];-0.4742186505879674;null;null;2.0;;
PSM;TLYRDDLLEGN+0.984EQFNLAAK;344;null;null;null;null;[MS, MS:1003281, Casanovo, 3.3.0];0.694245333224535;null;null;3.0;;
PSM;WELLQQVDSTTR;345;null;null;null;null;[MS, MS:1003281, Casanovo, 3.3.0];0.9760304093360901;null;null;2.0;;
PSM;RPSPASAPGPSSSSSGPSPDLLR;346;null;null;null;null;[MS, MS:1003281, Casanovo, 3.3.0];-0.542592550938328;null;null;3.0;;
PSM;WELLQQVDTSTR;347;null;null;null;null;[MS, MS:1003281, Casanovo, 3.3.0];0.9997087579507095;null;null;2.0;;
PSM;NLLDHADVLEGNEQ+0.984FGQLAK;348;null;null;null;null;[MS, MS:1003281, Casanovo, 3.3.0];0.6683982429759843;null;null;3.0;;
PSM;WELLQQVDTSTR;349;null;null;null;null;[MS, MS:1003281, Casanovo, 3.3.0];0.9659005678617038;null;null;2.0;;
PSM;LNNQNNFLLTKPWEELSR;350;null;null;null;null;[MS, MS:1003281, Casanovo, 3.3.0];-0.5780534767790845;null;null;3.0;;
PSM;WELLQQVDTSTR;351;null;null;null;null;[MS, MS:1003281, Casanovo, 3.3.0];0.9933830178700961;null;null;2.0;;
PSM;NPQLGHTPAATEAQQFQTLR;352;null;null;null;null;[MS, MS:1003281, Casanovo, 3.3.0];-0.3129812351294926;null;null;3.0;;
PSM;ESEC+57.021PSC+57.021C+57.021EPNV;353;null;null;null;null;[MS, MS:1003281, Casanovo, 3.3.0];-0.5500101598982627;null;null;2.0;;
PSM;NDGPKPAAELEGNEQFGGLAAK;354;null;null;null;null;[MS, MS:1003281, Casanovo, 3.3.0];-0.1896276279636051;null;null;3.0;;
PSM;SSSYSC+57.021SDDYQGD;355;null;null;null;null;[MS, MS:1003281, Casanovo, 3.3.0];-0.41445406366671833;null;null;2.0;;
PSM;SSYRPSPVLEGDEQFLNAAK;356;null;null;null;null;[MS, MS:1003281, Casanovo, 3.3.0];-0.2118747645900363;null;null;3.0;;
PSM;+42.011SSC+57.021SC+57.021GC+57.021GSDDDK;357;null;null;null;null;[MS, MS:1003281, Casanovo, 3.3.0];-0.4692108308275541;null;null;2.0;;
PSM;LGEHGGLDVLEGN+0.984EQFLNAAK;358;null;null;null;null;[MS, MS:1003281, Casanovo, 3.3.0];-0.12407815862785687;null;null;3.0;;
PSM;SLNNQFASFLDK;359;null;null;null;null;[MS, MS:1003281, Casanovo, 3.3.0];0.9995236992835999;null;null;2.0;;
PSM;GM+15.995TGTERPPVNTFAQEEAK;360;null;null;null;null;[MS, MS:1003281, Casanovo, 3.3.0];-0.41430867016315465;null;null;3.0;;
PSM;SLNNQFASFLDK;361;null;null;null;null;[MS, MS:1003281, Casanovo, 3.3.0];0.9997564554214478;null;null;2.0;;
PSM;+43.006GTPGGPGQPSGSTALRPAPGGAGS;362;null;null;null;null;[MS, MS:1003281, Casanovo, 3.3.0];-0.43423598345655656;null;null;3.0;;
PSM;+42.011STVLFAPSFSR;363;null;null;null;null;[MS, MS:1003281, Casanovo, 3.3.0];0.9210881636692927;null;null;2.0;;
PSM;QSAYLSGLTLPTGTLPHK;364;null;null;null;null;[MS, MS:1003281, Casanovo, 3.3.0];-0.48638586425467545;null;null;3.0;;
PSM;ETVLFAPSYAR;365;null;null;null;null;[MS, MS:1003281, Casanovo, 3.3.0];0.922261044383049;null;null;2.0;;
PSM;GPPPGPPAAAASSGVGAASLSR;366;null;null;null;null;[MS, MS:1003281, Casanovo, 3.3.0];-0.5591929942045523;null;null;3.0;;
PSM;+42.011TLTDTLDNNLEQLSKSY;367;null;null;null;null;[MS, MS:1003281, Casanovo, 3.3.0];0.752692279062773;null;null;2.0;;
PSM;SGYPTHLDGLVDSASVVQGHYEEELER;368;null;null;null;null;[MS, MS:1003281, Casanovo, 3.3.0];-0.5424873765025819;null;null;3.0;;
PSM;SSPEGGGQQPMFAAK;369;null;null;null;null;[MS, MS:1003281, Casanovo, 3.3.0];0.6818171730265021;null;null;2.0;;
PSM;+42.011PGLELHDVLEGNEQFLNAAK;370;null;null;null;null;[MS, MS:1003281, Casanovo, 3.3.0];0.8117054707624696;null;null;3.0;;
PSM;DTLLLELK;371;null;null;null;null;[MS, MS:1003281, Casanovo, 3.3.0];0.9624732865227593;null;null;2.0;;
PSM;C+57.021PEDPVLSPRPR;372;null;null;null;null;[MS, MS:1003281, Casanovo, 3.3.0];-0.47170425492983603;null;null;3.0;;
PSM;+43.006RDTLLLELK;373;null;null;null;null;[MS, MS:1003281, Casanovo, 3.3.0];0.999169571833177;null;null;2.0;;
PSM;KLNTLPGFLLPQTLR;374;null;null;null;null;[MS, MS:1003281, Casanovo, 3.3.0];-0.5479292287491262;null;null;3.0;;
PSM;DTLLLELK;375;null;null;null;null;[MS, MS:1003281, Casanovo, 3.3.0];0.9695677426126268;null;null;2.0;;
PSM;GHSSSENESC+57.021C+57.021FE;376;null;null;null;null;[MS, MS:1003281, Casanovo, 3.3.0];-0.5532523500067847;null;null;2.0;;
PSM;LLTHPTFNGNTLDNDLM+15.995LLK;377;null;null;null;null;[MS, MS:1003281, Casanovo, 3.3.0];-0.09347287104243329;null;null;3.0;;
PSM;+43.006RDTLLLELK;378;null;null;null;null;[MS, MS:1003281, Casanovo, 3.3.0];0.9949399828910828;null;null;2.0;;
PSM;QELLFLKESYSLLK;379;null;null;null;null;[MS, MS:1003281, Casanovo, 3.3.0];-0.4688841506838799;null;null;3.0;;
PSM;QGSSMDTDSSSSSSSS;380;null;null;null;null;[MS, MS:1003281, Casanovo, 3.3.0];-0.5562129029456306;null;null;2.0;;
PSM;LLVHPNFNGNTLDNDLM+15.995LLK;381;null;null;null;null;[MS, MS:1003281, Casanovo, 3.3.0];0.9509737803822472;null;null;3.0;;
PSM;+43.006RDTLLLELK;382;null;null;null;null;[MS, MS:1003281, Casanovo, 3.3.0];0.9990037950602445;null;null;2.0;;
PSM;LLSLRPSSLLQLTLR;383;null;null;null;null;[MS, MS:1003281, Casanovo, 3.3.0];-0.6072269827127457;null;null;3.0;;
PSM;+43.006DTLLLERLK;384;null;null;null;null;[MS, MS:1003281, Casanovo, 3.3.0];0.9956061244010925;null;null;2.0;;
PSM;VNVSGLPSEGLLFLLR;385;null;null;null;null;[MS, MS:1003281, Casanovo, 3.3.0];0.5757643023834509;null;null;3.0;;
PSM;LDNTLDNDLM+15.995LLK;386;null;null;null;null;[MS, MS:1003281, Casanovo, 3.3.0];0.888167679309845;null;null;2.0;;
PSM;LLTHPNFDGNTLDGGDLM+15.995LLK;387;null;null;null;null;[MS, MS:1003281, Casanovo, 3.3.0];-0.14084230875596404;null;null;3.0;;
PSM;RPFLLR;388;null;null;null;null;[MS, MS:1003281, Casanovo, 3.3.0];0.49069894211632864;null;null;2.0;;
PSM;MLHPGFLLLR;389;null;null;null;null;[MS, MS:1003281, Casanovo, 3.3.0];-0.4993791668252512;null;null;3.0;;
PSM;AAFSC+57.021M+15.995L;390;null;null;null;null;[MS, MS:1003281, Casanovo, 3.3.0];-0.43073897436261177;null;null;2.0;;
PSM;SWEPPGK;391;null;null;null;null;[MS, MS:1003281, Casanovo, 3.3.0];-0.41357975639402866;null;null;2.0;;
PSM;TGLQPSSLLKR;392;null;null;null;null;[MS, MS:1003281, Casanovo, 3.3.0];0.4873871263116598;null;null;3.0;;
PSM;SPLLHTF;393;null;null;null;null;[MS, MS:1003281, Casanovo, 3.3.0];-0.41699151461943984;null;null;2.0;;
PSM;LPSTLGPGPLLR;394;null;null;null;null;[MS, MS:1003281, Casanovo, 3.3.0];0.5750727584728828;null;null;3.0;;
PSM;+42.011ATENTMGFQGQHR;395;null;null;null;null;[MS, MS:1003281, Casanovo, 3.3.0];-0.4824056039253871;null;null;2.0;;
PSM;LLTHPELNGNTLDNDLMLLK;396;null;null;null;null;[MS, MS:1003281, Casanovo, 3.3.0];-0.08595408286367145;null;null;3.0;;
PSM;ESC+57.021GGEEVPRPC+57.021R;397;null;null;null;null;[MS, MS:1003281, Casanovo, 3.3.0];-0.45682092170630184;null;null;2.0;;
PSM;LLTHPNAGNGNTLDNDLM+15.995LLK;398;null;null;null;null;[MS, MS:1003281, Casanovo, 3.3.0];-0.11956361037763685;null;null;3.0;;
PSM;VEHNPQNVLEGNEQFGGLAAK;399;null;null;null;null;[MS, MS:1003281, Casanovo, 3.3.0];-0.17532267218286346;null;null;2.0;;
PSM;SPPGLSPQPHYPAPLPTPYSNTPYGYYFLR;400;null;null;null;null;[MS, MS:1003281, Casanovo, 3.3.0];-0.5531787434893269;null;null;3.0;;
PSM;+42.011GEFTLRPDQAGGSR;401;null;null;null;null;[MS, MS:1003281, Casanovo, 3.3.0];-0.4889668859541416;null;null;2.0;;
PSM;LLTHPDFNGNTLDNDLMLLK;402;null;null;null;null;[MS, MS:1003281, Casanovo, 3.3.0];-0.04574646410487948;null;null;3.0;;
PSM;LDHQAQDVLEGNEQFLNAAK;403;null;null;null;null;[MS, MS:1003281, Casanovo, 3.3.0];-0.17951853573322296;null;null;2.0;;
PSM;NGQQLLHELQANPTLSNTEQELNQNNYLR;404;null;null;null;null;[MS, MS:1003281, Casanovo, 3.3.0];0.46628743906815845;null;null;3.0;;
PSM;SFPLRPK;405;null;null;null;null;[MS, MS:1003281, Casanovo, 3.3.0];0.5556302638724446;null;null;2.0;;
PSM;LALHPYLLGLR;406;null;null;null;null;[MS, MS:1003281, Casanovo, 3.3.0];0.5108156328399976;null;null;3.0;;
PSM;ESEELQNLLSNLK;407;null;null;null;null;[MS, MS:1003281, Casanovo, 3.3.0];-0.6507732708539282;null;null;2.0;;
PSM;LKTHPEPEGNTLGGDDLMLLK;408;null;null;null;null;[MS, MS:1003281, Casanovo, 3.3.0];-0.27588908499191434;null;null;3.0;;
PSM;FLALLTAA;409;null;null;null;null;[MS, MS:1003281, Casanovo, 3.3.0];-0.3795308089918561;null;null;2.0;;
PSM;GSLGVPTTLLKR;410;null;null;null;null;[MS, MS:1003281, Casanovo, 3.3.0];-0.3449672575180347;null;null;3.0;;
PSM;SFM+15.995FC+57.021R;411;null;null;null;null;[MS, MS:1003281, Casanovo, 3.3.0];-0.3698774342026029;null;null;2.0;;
PSM;C+57.021FAGLLR;412;null;null;null;null;[MS, MS:1003281, Casanovo, 3.3.0];-0.21343372017145157;null;null;2.0;;
PSM;LLNVPLGTGLLR;413;null;null;null;null;[MS, MS:1003281, Casanovo, 3.3.0];0.5951532423496246;null;null;3.0;;
PSM;ALLDLELATYR;414;null;null;null;null;[MS, MS:1003281, Casanovo, 3.3.0];0.9969784518082937;null;null;2.0;;
PSM;KNPQPNPLFPLHSLYR;415;null;null;null;null;[MS, MS:1003281, Casanovo, 3.3.0];-0.42254426242674104;null;null;3.0;;
PSM;ELTVPSPL;416;null;null;null;null;[MS, MS:1003281, Casanovo, 3.3.0];-0.3534843209717009;null;null;2.0;;
PSM;+43.006MNHPVFQLLR;417;null;null;null;null;[MS, MS:1003281, Casanovo, 3.3.0];-0.4325449441870054;null;null;3.0;;
PSM;C+57.021ERSPSGYGGC+57.021C+57.021K;418;null;null;null;null;[MS, MS:1003281, Casanovo, 3.3.0];-0.4745052009820938;null;null;2.0;;
PSM;LLVHPNFDGNTLDNDLMLLK;419;null;null;null;null;[MS, MS:1003281, Casanovo, 3.3.0];0.8826004096439907;null;null;3.0;;
PSM;TFDTLLR;420;null;null;null;null;[MS, MS:1003281, Casanovo, 3.3.0];-0.2807762771844864;null;null;2.0;;
PSM;NYHPVYLLLR;421;null;null;null;null;[MS, MS:1003281, Casanovo, 3.3.0];0.5849884850057688;null;null;3.0;;
PSM;TPGSEPARPPPEC+57.021E;422;null;null;null;null;[MS, MS:1003281, Casanovo, 3.3.0];-0.4789084494113922;null;null;2.0;;
PSM;LLTHPGGFDGNTLDNDLMLLK;423;null;null;null;null;[MS, MS:1003281, Casanovo, 3.3.0];-0.04522931440310041;null;null;3.0;;
PSM;DNYFSDFSGVYNRLTS;424;null;null;null;null;[MS, MS:1003281, Casanovo, 3.3.0];0.8836856633424759;null;null;2.0;;
PSM;AAESSSSTTLPTTRPTSQPSSYC+57.021C+57.021SR;425;null;null;null;null;[MS, MS:1003281, Casanovo, 3.3.0];-0.5423668457402123;null;null;3.0;;
PSM;+42.011GLKYPPKYL;426;null;null;null;null;[MS, MS:1003281, Casanovo, 3.3.0];-0.46904406357895245;null;null;2.0;;
PSM;MPSHLPAALLLQLQR;427;null;null;null;null;[MS, MS:1003281, Casanovo, 3.3.0];-0.5393238896504045;null;null;3.0;;
PSM;NDYFSDFSGVYSNTLR;428;null;null;null;null;[MS, MS:1003281, Casanovo, 3.3.0];0.9022467136383057;null;null;2.0;;
PSM;YYADPSSSVDSSSSSSSGTFTPDPGPPR;429;null;null;null;null;[MS, MS:1003281, Casanovo, 3.3.0];-0.4421979129828256;null;null;3.0;;
PSM;EALLPLTK;430;null;null;null;null;[MS, MS:1003281, Casanovo, 3.3.0];-0.3619671000374688;null;null;2.0;;
PSM;GGPQDPYLLLLR;431;null;null;null;null;[MS, MS:1003281, Casanovo, 3.3.0];-0.4770206751731726;null;null;3.0;;
PSM;NDYFSDFSGVYSGGTLR;432;null;null;null;null;[MS, MS:1003281, Casanovo, 3.3.0];0.9086160043047534;null;null;2.0;;
PSM;ESDNNPTTVSSSSFLPGNTEELEELK;433;null;null;null;null;[MS, MS:1003281, Casanovo, 3.3.0];-0.5661963144386256;null;null;3.0;;
PSM;GFFC+57.021M+15.995TK;434;null;null;null;null;[MS, MS:1003281, Casanovo, 3.3.0];-0.4235268831253052;null;null;2.0;;
PSM;+42.011FPLPLATA;435;null;null;null;null;[MS, MS:1003281, Casanovo, 3.3.0];-0.38154304176568987;null;null;2.0;;
PSM;PPAPVPVGR;436;null;null;null;null;[MS, MS:1003281, Casanovo, 3.3.0];0.5642550230026245;null;null;2.0;;
PSM;LVVHGLFLPLTK;437;null;null;null;null;[MS, MS:1003281, Casanovo, 3.3.0];-0.43530264496803284;null;null;3.0;;
PSM;ALPGKPTPPPLA;438;null;null;null;null;[MS, MS:1003281, Casanovo, 3.3.0];-0.41003959282086444;null;null;2.0;;
PSM;AGSLLHPYLLLYLDR;439;null;null;null;null;[MS, MS:1003281, Casanovo, 3.3.0];-0.5089132650755346;null;null;3.0;;
PSM;+42.011FMFRAAK;440;null;null;null;null;[MS, MS:1003281, Casanovo, 3.3.0];-0.5156101725167699;null;null;2.0;;
PSM;GPLRPLAPGPLLR;441;null;null;null;null;[MS, MS:1003281, Casanovo, 3.3.0];-0.39650119202477596;null;null;3.0;;
PSM;PGLNLRPH;442;null;null;null;null;[MS, MS:1003281, Casanovo, 3.3.0];0.5105601284239027;null;null;2.0;;
PSM;KPLKPPSPPLLR;443;null;null;null;null;[MS, MS:1003281, Casanovo, 3.3.0];-0.5013094636110159;null;null;3.0;;
PSM;-17.027QLAPAPKSVAAK;444;null;null;null;null;[MS, MS:1003281, Casanovo, 3.3.0];-0.4212348753852504;null;null;2.0;;
PSM;AGPPLAVAAR;445;null;null;null;null;[MS, MS:1003281, Casanovo, 3.3.0];-0.32347540150989185;null;null;2.0;;
PSM;LTFVPAPLLPSLK;446;null;null;null;null;[MS, MS:1003281, Casanovo, 3.3.0];-0.5018479526042938;null;null;3.0;;
PSM;GASPAC+57.021EEK;447;null;null;null;null;[MS, MS:1003281, Casanovo, 3.3.0];-0.4631262332201004;null;null;2.0;;
PSM;KSC+57.021DEEC+57.021TTQR;448;null;null;null;null;[MS, MS:1003281, Casanovo, 3.3.0];-0.5179728635897238;null;null;3.0;;
PSM;TPAAPLAFF;449;null;null;null;null;[MS, MS:1003281, Casanovo, 3.3.0];-0.44460025727748875;null;null;2.0;;
PSM;RLYLASGFTLLR;450;null;null;null;null;[MS, MS:1003281, Casanovo, 3.3.0];-0.40788412437989163;null;null;3.0;;
PSM;PSKPLAAALSAW;451;null;null;null;null;[MS, MS:1003281, Casanovo, 3.3.0];0.5442258967803075;null;null;2.0;;
PSM;SDSC+57.021AVPAAGSLLPASGEK;452;null;null;null;null;[MS, MS:1003281, Casanovo, 3.3.0];-0.5207379139959812;null;null;3.0;;
PSM;SGFLGALLR;453;null;null;null;null;[MS, MS:1003281, Casanovo, 3.3.0];-0.4639311581850052;null;null;2.0;;
PSM;QFLVPVLLQTLK;454;null;null;null;null;[MS, MS:1003281, Casanovo, 3.3.0];0.5119757640820283;null;null;3.0;;
PSM;GFSGPLQPR;455;null;null;null;null;[MS, MS:1003281, Casanovo, 3.3.0];-0.4472087703645229;null;null;2.0;;
PSM;SKGLVPLSGHPVLK;456;null;null;null;null;[MS, MS:1003281, Casanovo, 3.3.0];-0.3436566650867462;null;null;3.0;;
PSM;EPPPPLTW;457;null;null;null;null;[MS, MS:1003281, Casanovo, 3.3.0];-0.40424807204140556;null;null;2.0;;
PSM;SGLRPLFPPPALR;458;null;null;null;null;[MS, MS:1003281, Casanovo, 3.3.0];-0.3783454969525337;null;null;3.0;;
PSM;GFPLLRPPPLSA;459;null;null;null;null;[MS, MS:1003281, Casanovo, 3.3.0];-0.43139933393551755;null;null;2.0;;
PSM;SLAELLPSTLLELELLK;460;null;null;null;null;[MS, MS:1003281, Casanovo, 3.3.0];0.41879894998338485;null;null;3.0;;
PSM;+42.011SLLYPTLK;461;null;null;null;null;[MS, MS:1003281, Casanovo, 3.3.0];0.6247673749923706;null;null;2.0;;
PSM;SADLVPAPLLPVDR;462;null;null;null;null;[MS, MS:1003281, Casanovo, 3.3.0];-0.39006834626197817;null;null;3.0;;
PSM;ARPLPLLDPVR;463;null;null;null;null;[MS, MS:1003281, Casanovo, 3.3.0];-0.42553412914276123;null;null;2.0;;
PSM;SGLQLLPVVMSLLELLR;464;null;null;null;null;[MS, MS:1003281, Casanovo, 3.3.0];0.4074844900104735;null;null;3.0;;
PSM;EKLLPGQLLLLLK;465;null;null;null;null;[MS, MS:1003281, Casanovo, 3.3.0];-0.6039798344884599;null;null;3.0;;
PSM;+42.011AFFSYC+57.021R;466;null;null;null;null;[MS, MS:1003281, Casanovo, 3.3.0];-0.3657150616248449;null;null;2.0;;
PSM;+43.006FPLALLTAA;467;null;null;null;null;[MS, MS:1003281, Casanovo, 3.3.0];0.6327871636233546;null;null;2.0;;
PSM;MC+57.021SVPVSLLFKR;468;null;null;null;null;[MS, MS:1003281, Casanovo, 3.3.0];-0.407180552299206;null;null;3.0;;
PSM;GGPAPLAGPLK;469;null;null;null;null;[MS, MS:1003281, Casanovo, 3.3.0];0.831224262714386;null;null;2.0;;
PSM;SPFASPSSLLPLSR;470;null;null;null;null;[MS, MS:1003281, Casanovo, 3.3.0];-0.3534332339962324;null;null;3.0;;
PSM;GSFPWYPR;471;null;null;null;null;[MS, MS:1003281, Casanovo, 3.3.0];-0.4195432720912827;null;null;2.0;;
PSM;HENLC+57.021SC+57.021LSTDR;472;null;null;null;null;[MS, MS:1003281, Casanovo, 3.3.0];-0.5412774137579478;null;null;3.0;;
PSM;GSC+57.021SAPGPPAFLYR;473;null;null;null;null;[MS, MS:1003281, Casanovo, 3.3.0];-0.42699630459149673;null;null;3.0;;
PSM;LTYAAQPLPER;474;null;null;null;null;[MS, MS:1003281, Casanovo, 3.3.0];-0.46703130255142844;null;null;2.0;;
PSM;ASEDLLFLRLDPPLQR;475;null;null;null;null;[MS, MS:1003281, Casanovo, 3.3.0];-0.4937223042635357;null;null;3.0;;
PSM;+42.011TLLHPLSR;476;null;null;null;null;[MS, MS:1003281, Casanovo, 3.3.0];-0.40451539903879163;null;null;2.0;;
PSM;FLGTVPLLLLPHR;477;null;null;null;null;[MS, MS:1003281, Casanovo, 3.3.0];-0.3788824986134257;null;null;3.0;;
PSM;FVAGPPPLGK;478;null;null;null;null;[MS, MS:1003281, Casanovo, 3.3.0];-0.40714815665375104;null;null;2.0;;
PSM;VPSPLLRAPGPLLR;479;null;null;null;null;[MS, MS:1003281, Casanovo, 3.3.0];0.535448282957077;null;null;3.0;;
PSM;TTELVLGEK;480;null;null;null;null;[MS, MS:1003281, Casanovo, 3.3.0];-0.4475183352828026;null;null;2.0;;
PSM;RNLLPQLQELLR;481;null;null;null;null;[MS, MS:1003281, Casanovo, 3.3.0];-0.5365020237289942;null;null;3.0;;
PSM;DVLLNQELEFLK;482;null;null;null;null;[MS, MS:1003281, Casanovo, 3.3.0];0.9681351138995244;null;null;2.0;;
PSM;EREPVGVTALASGQHEELLR;483;null;null;null;null;[MS, MS:1003281, Casanovo, 3.3.0];-0.536139000029791;null;null;3.0;;
PSM;GFPPPPLSSA;484;null;null;null;null;[MS, MS:1003281, Casanovo, 3.3.0];-0.4253968840295618;null;null;2.0;;
PSM;GFSPKPLPTLPLAR;485;null;null;null;null;[MS, MS:1003281, Casanovo, 3.3.0];-0.3826885297894478;null;null;3.0;;
PSM;SLQELVPFLQK;486;null;null;null;null;[MS, MS:1003281, Casanovo, 3.3.0];-0.42172810745735967;null;null;2.0;;
PSM;SGSSC+57.021GLPATLLGLPTFLR;487;null;null;null;null;[MS, MS:1003281, Casanovo, 3.3.0];-0.5317282125353813;null;null;3.0;;
PSM;GLTGPQLAVTTLK;488;null;null;null;null;[MS, MS:1003281, Casanovo, 3.3.0];0.4812191256455013;null;null;2.0;;
PSM;C+57.021SENAVPAALQGLTGTLLK;489;null;null;null;null;[MS, MS:1003281, Casanovo, 3.3.0];-0.5417248882353306;null;null;3.0;;
PSM;+43.006VLTPSPNNNGNTLNDDLM+15.995LLK;490;null;null;null;null;[MS, MS:1003281, Casanovo, 3.3.0];0.7478916907440061;null;null;2.0;;
PSM;HSSSSSSSFSSLSANTLTTSLGKTPSSPSGTSLYR;491;null;null;null;null;[MS, MS:1003281, Casanovo, 3.3.0];-0.5777989131295018;null;null;3.0;;
PSM;GPQPLSPPPF;492;null;null;null;null;[MS, MS:1003281, Casanovo, 3.3.0];-0.36073667048053304;null;null;2.0;;
PSM;FASGHPGFLLPLHK;493;null;null;null;null;[MS, MS:1003281, Casanovo, 3.3.0];-0.32406002382437393;null;null;3.0;;
PSM;STPGKPAGPLTVLG;494;null;null;null;null;[MS, MS:1003281, Casanovo, 3.3.0];-0.3370061347881953;null;null;2.0;;
PSM;EC+57.021DEDPVNLLKPTFLR;495;null;null;null;null;[MS, MS:1003281, Casanovo, 3.3.0];-0.5170705243945122;null;null;3.0;;
PSM;EAAFYEM+15.995R;496;null;null;null;null;[MS, MS:1003281, Casanovo, 3.3.0];-0.44550515711307526;null;null;2.0;;
PSM;ESDSLPAGQEELQR;497;null;null;null;null;[MS, MS:1003281, Casanovo, 3.3.0];-0.5182197451591491;null;null;3.0;;
PSM;VLDPQLPPR;498;null;null;null;null;[MS, MS:1003281, Casanovo, 3.3.0];-0.48707362115383146;null;null;2.0;;
PSM;M+15.995DC+57.021DPGYKQLFR;499;null;null;null;null;[MS, MS:1003281, Casanovo, 3.3.0];-0.5230160057544708;null;null;3.0;;
PSM;FFPPLLAAD;500;null;null;null;null;[MS, MS:1003281, Casanovo, 3.3.0];-0.422828172147274;null;null;2.0;;
PSM;SFGPGLPTLK;501;null;null;null;null;[MS, MS:1003281, Casanovo, 3.3.0];-0.4246697696772489;null;null;2.0;;
PSM;KPSPLPGPLLAPTLK;502;null;null;null;null;[MS, MS:1003281, Casanovo, 3.3.0];-0.2610114961862564;null;null;3.0;;
PSM;FYC+57.021DLGKK;503;null;null;null;null;[MS, MS:1003281, Casanovo, 3.3.0];-0.38841120236449767;null;null;2.0;;
PSM;DGDDDLQPPTATYR;504;null;null;null;null;[MS, MS:1003281, Casanovo, 3.3.0];-0.52196892897288;null;null;3.0;;
PSM;GAWSPPC+57.021DR;505;null;null;null;null;[MS, MS:1003281, Casanovo, 3.3.0];-0.4320736415684223;null;null;2.0;;
PSM;TFTALAPGLK;506;null;null;null;null;[MS, MS:1003281, Casanovo, 3.3.0];-0.35619186135855585;null;null;2.0;;
PSM;KLPPAPALPALGLLR;507;null;null;null;null;[MS, MS:1003281, Casanovo, 3.3.0];-0.312371498439461;null;null;3.0;;
PSM;GFPKTSPVAK;508;null;null;null;null;[MS, MS:1003281, Casanovo, 3.3.0];-0.3175465694882653;null;null;2.0;;
PSM;FSPGLGFQLTTLKK;509;null;null;null;null;[MS, MS:1003281, Casanovo, 3.3.0];-0.3993506486217181;null;null;3.0;;
PSM;NLDLDSLLAEVK;510;null;null;null;null;[MS, MS:1003281, Casanovo, 3.3.0];0.9072327522131113;null;null;2.0;;
PSM;PPATLSSPKPTGLLNYLVK;511;null;null;null;null;[MS, MS:1003281, Casanovo, 3.3.0];-0.49634273499250414;null;null;3.0;;
PSM;SLDLDSLLAEVK;512;null;null;null;null;[MS, MS:1003281, Casanovo, 3.3.0];0.998833968089177;null;null;2.0;;
PSM;GM+15.995THTGEKPFGVGSYC+57.021SK;513;null;null;null;null;[MS, MS:1003281, Casanovo, 3.3.0];-0.5682122919120287;null;null;3.0;;
PSM;SFPPTPLTTA;514;null;null;null;null;[MS, MS:1003281, Casanovo, 3.3.0];-0.35171394998377015;null;null;2.0;;
PSM;FTLKPGLSPPLLTR;515;null;null;null;null;[MS, MS:1003281, Casanovo, 3.3.0];-0.39309155990680056;null;null;3.0;;
PSM;ASFPGLLPGVSPKA;516;null;null;null;null;[MS, MS:1003281, Casanovo, 3.3.0];-0.4518296867609024;null;null;2.0;;
PSM;GSPSGPSLPLPLHLELLER;517;null;null;null;null;[MS, MS:1003281, Casanovo, 3.3.0];-0.49658200014382603;null;null;3.0;;
PSM;NLDLDSLLAEVK;518;null;null;null;null;[MS, MS:1003281, Casanovo, 3.3.0];0.9854297271141639;null;null;2.0;;
PSM;LLLQPGFLPKPNLLPGGPK;519;null;null;null;null;[MS, MS:1003281, Casanovo, 3.3.0];-0.42245773747563364;null;null;3.0;;
PSM;SLDLDSLALEVK;520;null;null;null;null;[MS, MS:1003281, Casanovo, 3.3.0];0.9910610914230347;null;null;2.0;;
PSM;SSPSSVQPHPVPVQELLR;521;null;null;null;null;[MS, MS:1003281, Casanovo, 3.3.0];-0.49766731026925537;null;null;3.0;;
PSM;DDDDNLSHLER;522;null;null;null;null;[MS, MS:1003281, Casanovo, 3.3.0];-0.5163282590607803;null;null;2.0;;
PSM;GAGSPQALPFGLTGLPAALQR;523;null;null;null;null;[MS, MS:1003281, Casanovo, 3.3.0];-0.5123292664912613;null;null;3.0;;
PSM;SLDLDSLLAEVK;524;null;null;null;null;[MS, MS:1003281, Casanovo, 3.3.0];0.9953535932760972;null;null;2.0;;
PSM;TLREELLKPEDEDEDK;525;null;null;null;null;[MS, MS:1003281, Casanovo, 3.3.0];-0.5572563611409244;null;null;3.0;;
PSM;+42.011FFPLTGPLK;526;null;null;null;null;[MS, MS:1003281, Casanovo, 3.3.0];-0.2932126522064209;null;null;2.0;;
PSM;FLLHPGLQLLPTLK;527;null;null;null;null;[MS, MS:1003281, Casanovo, 3.3.0];-0.39804184734821324;null;null;3.0;;
PSM;GFFFYC+57.021SR;528;null;null;null;null;[MS, MS:1003281, Casanovo, 3.3.0];-0.46752880016962683;null;null;2.0;;
PSM;SLQQQLRPQEQER;529;null;null;null;null;[MS, MS:1003281, Casanovo, 3.3.0];-0.5607014058956078;null;null;3.0;;
PSM;KFTPLPLTAA;530;null;null;null;null;[MS, MS:1003281, Casanovo, 3.3.0];-0.3878444094549526;null;null;2.0;;
PSM;KPTAGKPAALLASLKK;531;null;null;null;null;[MS, MS:1003281, Casanovo, 3.3.0];-0.41754269862876214;null;null;3.0;;
PSM;+42.011FMSQEEER;532;null;null;null;null;[MS, MS:1003281, Casanovo, 3.3.0];-0.46636462584137917;null;null;2.0;;
PSM;GVLNPAPGQLEELER;533;null;null;null;null;[MS, MS:1003281, Casanovo, 3.3.0];-0.5166896898299456;null;null;3.0;;
PSM;APLGLVTPLGK;534;null;null;null;null;[MS, MS:1003281, Casanovo, 3.3.0];0.6163648776710033;null;null;2.0;;
PSM;GDENLPLLLLNLLR;535;null;null;null;null;[MS, MS:1003281, Casanovo, 3.3.0];-0.39754258692264555;null;null;3.0;;
PSM;GFYGPPPLTK;536;null;null;null;null;[MS, MS:1003281, Casanovo, 3.3.0];-0.35582222721793433;null;null;2.0;;
PSM;NPPVLRPFPTPLLR;537;null;null;null;null;[MS, MS:1003281, Casanovo, 3.3.0];0.5174037764469782;null;null;3.0;;
PSM;FGC+57.021C+57.021SPLTR;538;null;null;null;null;[MS, MS:1003281, Casanovo, 3.3.0];0.5968741863965988;null;null;2.0;;
PSM;VSEQLEREEELER;539;null;null;null;null;[MS, MS:1003281, Casanovo, 3.3.0];-0.6608825400471687;null;null;3.0;;
PSM;GFTFLAASFK;540;null;null;null;null;[MS, MS:1003281, Casanovo, 3.3.0];-0.46568326110189606;null;null;2.0;;
PSM;+42.011VSALKPVVSPGKPLGK;541;null;null;null;null;[MS, MS:1003281, Casanovo, 3.3.0];-0.3679076563566923;null;null;3.0;;
PSM;GFFTKPPLAAA;542;null;null;null;null;[MS, MS:1003281, Casanovo, 3.3.0];-0.46545118279755116;null;null;2.0;;
PSM;GLLLGVPSSLLKPLQK;543;null;null;null;null;[MS, MS:1003281, Casanovo, 3.3.0];0.6306334221187759;null;null;3.0;;
PSM;NTFFEYM+15.995R;544;null;null;null;null;[MS, MS:1003281, Casanovo, 3.3.0];-0.4616654076510005;null;null;2.0;;
PSM;AGYLPDDEELHNC+57.021R;545;null;null;null;null;[MS, MS:1003281, Casanovo, 3.3.0];-0.5761963725090027;null;null;3.0;;
PSM;FKPGVGVPWK;546;null;null;null;null;[MS, MS:1003281, Casanovo, 3.3.0];0.8381630290638317;null;null;2.0;;
PSM;SLEREEEEEELER;547;null;null;null;null;[MS, MS:1003281, Casanovo, 3.3.0];-0.6304261961153576;null;null;3.0;;
PSM;GFTFKTVTAF;548;null;null;null;null;[MS, MS:1003281, Casanovo, 3.3.0];-0.4064205065369606;null;null;2.0;;
PSM;APVPALPGPLLFPLQK;549;null;null;null;null;[MS, MS:1003281, Casanovo, 3.3.0];-0.3443330846288625;null;null;3.0;;
PSM;+43.006LLYSSGTNLGNTLDNDLMLLK;550;null;null;null;null;[MS, MS:1003281, Casanovo, 3.3.0];-0.1840330433586369;null;null;2.0;;
PSM;LSEEENLTALTQTHQSGTGGTTSGDSM+15.995PAATLLR;551;null;null;null;null;[MS, MS:1003281, Casanovo, 3.3.0];-0.5209587778363909;null;null;3.0;;
PSM;+42.011LKFPADDDR;552;null;null;null;null;[MS, MS:1003281, Casanovo, 3.3.0];-0.3234941878102042;null;null;2.0;;
PSM;SSSTSLPKDEEELLR;553;null;null;null;null;[MS, MS:1003281, Casanovo, 3.3.0];-0.5451018093153834;null;null;3.0;;
PSM;+43.006FFTPLGLLR;554;null;null;null;null;[MS, MS:1003281, Casanovo, 3.3.0];-0.35300734368237585;null;null;2.0;;
PSM;LPPVHPGLLLLSGLSR;555;null;null;null;null;[MS, MS:1003281, Casanovo, 3.3.0];-0.4080164888325859;null;null;3.0;;
PSM;AFPVLTLATTA;556;null;null;null;null;[MS, MS:1003281, Casanovo, 3.3.0];-0.3746308423578739;null;null;2.0;;
PSM;KTASGLPVFLHGALKR;557;null;null;null;null;[MS, MS:1003281, Casanovo, 3.3.0];-0.37888371287023315;null;null;3.0;;
PSM;NPSSWEEER;558;null;null;null;null;[MS, MS:1003281, Casanovo, 3.3.0];-0.48548837527632716;null;null;2.0;;
PSM;LHFALTTFSA;559;null;null;null;null;[MS, MS:1003281, Casanovo, 3.3.0];-0.5075007081031799;null;null;2.0;;
PSM;LRPPPPPLPFLPLTK;560;null;null;null;null;[MS, MS:1003281, Casanovo, 3.3.0];0.6179703378584236;null;null;3.0;;
PSM;+42.011LKSPTLAKLAA;561;null;null;null;null;[MS, MS:1003281, Casanovo, 3.3.0];-0.3404196715698793;null;null;2.0;;
PSM;MYPGKPVGLLLGGLSVK;562;null;null;null;null;[MS, MS:1003281, Casanovo, 3.3.0];0.5611345821784602;null;null;3.0;;
PSM;GFTFFM+15.995EFK;563;null;null;null;null;[MS, MS:1003281, Casanovo, 3.3.0];-0.5373435184359551;null;null;2.0;;
PSM;LSEEAAAAALSGGQEAER;564;null;null;null;null;[MS, MS:1003281, Casanovo, 3.3.0];-0.5747181098712117;null;null;3.0;;
PSM;GLLDVEELLR;565;null;null;null;null;[MS, MS:1003281, Casanovo, 3.3.0];-0.540463549169627;null;null;2.0;;
PSM;LGQQLLSHPPFFLSR;566;null;null;null;null;[MS, MS:1003281, Casanovo, 3.3.0];-0.5815074434503913;null;null;3.0;;
PSM;GFFPRLALTAA;567;null;null;null;null;[MS, MS:1003281, Casanovo, 3.3.0];-0.35734384382764495;null;null;2.0;;
PSM;AVPPPLPSSPLLDALLK;568;null;null;null;null;[MS, MS:1003281, Casanovo, 3.3.0];0.5890170940094523;null;null;3.0;;
PSM;FTFAM+15.995YTFK;569;null;null;null;null;[MS, MS:1003281, Casanovo, 3.3.0];0.5204389028251171;null;null;2.0;;
PSM;AGEEEAPAAGGEEEEER;570;null;null;null;null;[MS, MS:1003281, Casanovo, 3.3.0];-0.5625166236940358;null;null;3.0;;
PSM;LTFAPRPLPF;571;null;null;null;null;[MS, MS:1003281, Casanovo, 3.3.0];-0.36526732079007407;null;null;2.0;;
PSM;TAYAAKPQLLLGELLK;572;null;null;null;null;[MS, MS:1003281, Casanovo, 3.3.0];0.43014654780135436;null;null;3.0;;
PSM;+42.011FTLTALASTAF;573;null;null;null;null;[MS, MS:1003281, Casanovo, 3.3.0];-0.5426264370863254;null;null;2.0;;
PSM;LASPTLPLYVKPPTPR;574;null;null;null;null;[MS, MS:1003281, Casanovo, 3.3.0];0.6182810883311665;null;null;3.0;;
PSM;GSYLSDYTYK;575;null;null;null;null;[MS, MS:1003281, Casanovo, 3.3.0];-0.46919819983569055;null;null;2.0;;
PSM;FSTLLSFTLK;576;null;null;null;null;[MS, MS:1003281, Casanovo, 3.3.0];-0.46595483205535193;null;null;2.0;;
PSM;LLGLPVPQSSLLELLR;577;null;null;null;null;[MS, MS:1003281, Casanovo, 3.3.0];-0.5592335813185748;null;null;3.0;;
PSM;FTPPPSVTFSA;578;null;null;null;null;[MS, MS:1003281, Casanovo, 3.3.0];-0.4603415702780088;null;null;2.0;;
PSM;GPRPLLSVTSGTAGRASK;579;null;null;null;null;[MS, MS:1003281, Casanovo, 3.3.0];-0.4736739322543144;null;null;3.0;;
PSM;GVYLKPPPPPPPLGS;580;null;null;null;null;[MS, MS:1003281, Casanovo, 3.3.0];-0.48344371700659394;null;null;2.0;;
PSM;VGQEQLLFPLRFLPGLTLSR;581;null;null;null;null;[MS, MS:1003281, Casanovo, 3.3.0];-0.49274823672714685;null;null;3.0;;
PSM;TFFARPPLSSA;582;null;null;null;null;[MS, MS:1003281, Casanovo, 3.3.0];-0.3843637444078922;null;null;2.0;;
PSM;HSSSPLPDRLLAAGLDR;583;null;null;null;null;[MS, MS:1003281, Casanovo, 3.3.0];-0.3718792837527063;null;null;3.0;;
PSM;HLAELLDHLK;584;null;null;null;null;[MS, MS:1003281, Casanovo, 3.3.0];-0.3659724579616026;null;null;2.0;;
PSM;LQELQGEELLELLLR;585;null;null;null;null;[MS, MS:1003281, Casanovo, 3.3.0];-0.601761476136744;null;null;3.0;;
PSM;FTFSSPEEDR;586;null;null;null;null;[MS, MS:1003281, Casanovo, 3.3.0];-0.37499114058234473;null;null;2.0;;
PSM;EGEENVPVTSLLEEER;587;null;null;null;null;[MS, MS:1003281, Casanovo, 3.3.0];-0.6052512193427366;null;null;3.0;;
PSM;+42.011FFAPKLSLAAA;588;null;null;null;null;[MS, MS:1003281, Casanovo, 3.3.0];-0.3912390539279351;null;null;2.0;;
PSM;LLQQLPVSLLGLVLLR;589;null;null;null;null;[MS, MS:1003281, Casanovo, 3.3.0];-0.5156031627865398;null;null;3.0;;
PSM;+42.011FTPPTLTAFAS;590;null;null;null;null;[MS, MS:1003281, Casanovo, 3.3.0];-0.44501361322517574;null;null;2.0;;
PSM;HSSSPLPGSKGLEAPTLK;591;null;null;null;null;[MS, MS:1003281, Casanovo, 3.3.0];-0.39962242857406016;null;null;3.0;;
PSM;FPPAVPAGLGER;592;null;null;null;null;[MS, MS:1003281, Casanovo, 3.3.0];-0.41310089540023065;null;null;2.0;;
PSM;GFTFPLAPTLK;593;null;null;null;null;[MS, MS:1003281, Casanovo, 3.3.0];-0.34258223697543144;null;null;2.0;;
PSM;AAGLQSAPSTLLALLLEK;594;null;null;null;null;[MS, MS:1003281, Casanovo, 3.3.0];-0.43269247522479615;null;null;3.0;;
PSM;GFFSPKTPLASA;595;null;null;null;null;[MS, MS:1003281, Casanovo, 3.3.0];-0.36827121331141544;null;null;2.0;;
PSM;FSGLLAPLYPVRPLFK;596;null;null;null;null;[MS, MS:1003281, Casanovo, 3.3.0];-0.420054051805945;null;null;3.0;;
PSM;SFAGRLPLTTSA;597;null;null;null;null;[MS, MS:1003281, Casanovo, 3.3.0];-0.4724911915568205;null;null;2.0;;
PSM;+42.011LQLHAPGLGFHRLLTT;598;null;null;null;null;[MS, MS:1003281, Casanovo, 3.3.0];0.5326010460654894;null;null;3.0;;
PSM;GFKPLALAFLTA;599;null;null;null;null;[MS, MS:1003281, Casanovo, 3.3.0];-0.43789962851084197;null;null;2.0;;
PSM;+43.006VKLYAPGFLQLKPLTK;600;null;null;null;null;[MS, MS:1003281, Casanovo, 3.3.0];-0.4908154536452558;null;null;3.0;;
PSM;M+15.995FFSSQNQEK;601;null;null;null;null;[MS, MS:1003281, Casanovo, 3.3.0];-0.4439544481309977;null;null;2.0;;
PSM;GFFSTLRPVAK;602;null;null;null;null;[MS, MS:1003281, Casanovo, 3.3.0];-0.40497754886746407;null;null;2.0;;
PSM;+42.011FFC+57.021PAPLLLR;603;null;null;null;null;[MS, MS:1003281, Casanovo, 3.3.0];-0.30562388648589456;null;null;2.0;;
PSM;+42.011FFPLTTLTTAV;604;null;null;null;null;[MS, MS:1003281, Casanovo, 3.3.0];-0.3899924216362146;null;null;2.0;;
PSM;KPPPTTPLPVRPALPAPL;605;null;null;null;null;[MS, MS:1003281, Casanovo, 3.3.0];-0.3953454898376214;null;null;3.0;;
PSM;AAQRPPFTLSTA;606;null;null;null;null;[MS, MS:1003281, Casanovo, 3.3.0];-0.5073015099534621;null;null;2.0;;
PSM;FTHTPDELTW;607;null;null;null;null;[MS, MS:1003281, Casanovo, 3.3.0];-0.4993448294699192;null;null;2.0;;
PSM;FSGPEKPVLFGQDWER;608;null;null;null;null;[MS, MS:1003281, Casanovo, 3.3.0];-0.5292036743725048;null;null;3.0;;
PSM;GFFSPLSVKLAA;609;null;null;null;null;[MS, MS:1003281, Casanovo, 3.3.0];-0.47299296810076785;null;null;2.0;;
PSM;KFLTFGLTLLRDPLTK;610;null;null;null;null;[MS, MS:1003281, Casanovo, 3.3.0];-0.4630688691840452;null;null;3.0;;
PSM;FFFALRPLPF;611;null;null;null;null;[MS, MS:1003281, Casanovo, 3.3.0];0.606170419942249;null;null;2.0;;
PSM;VQSPTLGLLGLLRAFPSL;612;null;null;null;null;[MS, MS:1003281, Casanovo, 3.3.0];0.6253292448818684;null;null;3.0;;
PSM;SFSGPKPLTFTA;613;null;null;null;null;[MS, MS:1003281, Casanovo, 3.3.0];-0.4032383698683518;null;null;2.0;;
PSM;VQSGLQPVLPGRPLPPLN;614;null;null;null;null;[MS, MS:1003281, Casanovo, 3.3.0];0.6269609406590462;null;null;3.0;;
PSM;APLSPPPLAPALSA;615;null;null;null;null;[MS, MS:1003281, Casanovo, 3.3.0];-0.40019726653893783;null;null;2.0;;
PSM;HVPTLVSLLRLLAELLK;616;null;null;null;null;[MS, MS:1003281, Casanovo, 3.3.0];-0.47436900064349174;null;null;3.0;;
PSM;SLPSLLEELER;617;null;null;null;null;[MS, MS:1003281, Casanovo, 3.3.0];-0.45219249588747823;null;null;2.0;;
PSM;SGPELSSHSSPSTLYLLR;618;null;null;null;null;[MS, MS:1003281, Casanovo, 3.3.0];-0.5944928589620089;null;null;3.0;;
PSM;+43.006FPVEFEDHLK;619;null;null;null;null;[MS, MS:1003281, Casanovo, 3.3.0];0.5430123259623846;null;null;2.0;;
PSM;RPC+57.021QPPELSPPVSYC+57.021R;620;null;null;null;null;[MS, MS:1003281, Casanovo, 3.3.0];-0.5435433229979347;null;null;3.0;;
PSM;+42.011FFGFRLPTLK;621;null;null;null;null;[MS, MS:1003281, Casanovo, 3.3.0];0.6102172633012136;null;null;2.0;;
PSM;AFTASPLAALASSA;622;null;null;null;null;[MS, MS:1003281, Casanovo, 3.3.0];-0.4968297615647316;null;null;2.0;;
PSM;RYSSGVTLAFSRLPVQR;623;null;null;null;null;[MS, MS:1003281, Casanovo, 3.3.0];-0.4687202953630023;null;null;3.0;;
PSM;GELLGEHLPVVK;624;null;null;null;null;[MS, MS:1003281, Casanovo, 3.3.0];0.5356735627238567;null;null;2.0;;
PSM;AGLLQGHSPLSSVTTLLLK;625;null;null;null;null;[MS, MS:1003281, Casanovo, 3.3.0];-0.5297285508364439;null;null;3.0;;
PSM;GFFPRPLLTTF;626;null;null;null;null;[MS, MS:1003281, Casanovo, 3.3.0];-0.4316137805581093;null;null;2.0;;
PSM;RHSSGLPTLLPRPTLFR;627;null;null;null;null;[MS, MS:1003281, Casanovo, 3.3.0];0.5392646893031068;null;null;3.0;;
PSM;GFTPRPLTTFTA;628;null;null;null;null;[MS, MS:1003281, Casanovo, 3.3.0];-0.44183178933767175;null;null;2.0;;
PSM;TPGLGHVPPPALAPRPLEK;629;null;null;null;null;[MS, MS:1003281, Casanovo, 3.3.0];0.5488325946033001;null;null;3.0;;
PSM;VPFPPPPLLALTA;630;null;null;null;null;[MS, MS:1003281, Casanovo, 3.3.0];-0.3961567091090339;null;null;2.0;;
PSM;LLLLPLPASLTLLPKVYK;631;null;null;null;null;[MS, MS:1003281, Casanovo, 3.3.0];0.5609510195882697;null;null;3.0;;
PSM;SGRPLPELLPVLPLLLER;632;null;null;null;null;[MS, MS:1003281, Casanovo, 3.3.0];-0.5988980206219774;null;null;3.0;;
PSM;+43.006FFPPRLLPGPK;633;null;null;null;null;[MS, MS:1003281, Casanovo, 3.3.0];0.648551946076063;null;null;2.0;;
PSM;FPANPYEELLR;634;null;null;null;null;[MS, MS:1003281, Casanovo, 3.3.0];0.5084049639602503;null;null;2.0;;
PSM;+42.011FSSTLEEEHLK;635;null;null;null;null;[MS, MS:1003281, Casanovo, 3.3.0];-0.3626787249858563;null;null;2.0;;
PSM;LAQPYVPGLLQQLQEGLR;636;null;null;null;null;[MS, MS:1003281, Casanovo, 3.3.0];-0.5584864922259983;null;null;3.0;;
PSM;AAPLTSLLPLGSR;637;null;null;null;null;[MS, MS:1003281, Casanovo, 3.3.0];0.6256990262440273;null;null;2.0;;
PSM;AAAEAAAAAAAAAAAALPAASER;638;null;null;null;null;[MS, MS:1003281, Casanovo, 3.3.0];-0.55302226357162;null;null;3.0;;
PSM;LTFPPLLLTTAF;639;null;null;null;null;[MS, MS:1003281, Casanovo, 3.3.0];-0.4845762613874215;null;null;2.0;;
PSM;LALLLHPAAPAPPPPALVPH;640;null;null;null;null;[MS, MS:1003281, Casanovo, 3.3.0];0.4742912928618136;null;null;3.0;;
PSM;AAPVLTMLELLR;641;null;null;null;null;[MS, MS:1003281, Casanovo, 3.3.0];-0.44686787632795477;null;null;2.0;;
PSM;LGPPVPLGLLVGTYLLLLR;642;null;null;null;null;[MS, MS:1003281, Casanovo, 3.3.0];-0.6081416621804238;null;null;3.0;;
PSM;KSLTATLKAPLSV;643;null;null;null;null;[MS, MS:1003281, Casanovo, 3.3.0];0.5727855946336474;null;null;2.0;;
PSM;FGDELLPVLELLLQFLK;644;null;null;null;null;[MS, MS:1003281, Casanovo, 3.3.0];-0.5264662313792441;null;null;3.0;;
PSM;AFFFLRAPLTSA;645;null;null;null;null;[MS, MS:1003281, Casanovo, 3.3.0];-0.517090617464139;null;null;2.0;;
PSM;PLLEPLTLPLTGLAQPALR;646;null;null;null;null;[MS, MS:1003281, Casanovo, 3.3.0];0.5502942416816949;null;null;3.0;;
PSM;HLHKPLTPLTSV;647;null;null;null;null;[MS, MS:1003281, Casanovo, 3.3.0];0.44738970639613956;null;null;2.0;;
PSM;VSELLHPVVNVPFANLGSK;648;null;null;null;null;[MS, MS:1003281, Casanovo, 3.3.0];-0.5064271550625563;null;null;3.0;;
PSM;TPLAFLRAPLTTA;649;null;null;null;null;[MS, MS:1003281, Casanovo, 3.3.0];-0.4274693376251629;null;null;2.0;;
PSM;LGPSPLLARPGLTSPLQTPH;650;null;null;null;null;[MS, MS:1003281, Casanovo, 3.3.0];-0.44687293558603236;null;null;3.0;;
PSM;+43.006FPSTPTFLSLLK;651;null;null;null;null;[MS, MS:1003281, Casanovo, 3.3.0];-0.3291769224618163;null;null;2.0;;
PSM;EVSLVSGRPLPVAETELLR;652;null;null;null;null;[MS, MS:1003281, Casanovo, 3.3.0];-0.5242817454040051;null;null;3.0;;
PSM;ELASSVM+15.995LLLLR;653;null;null;null;null;[MS, MS:1003281, Casanovo, 3.3.0];-0.4974715577868315;null;null;2.0;;
PSM;YTPGFREEFVF;654;null;null;null;null;[MS, MS:1003281, Casanovo, 3.3.0];0.3840454885115226;null;null;2.0;;
PSM;GFSFFLRAFHR;655;null;null;null;null;[MS, MS:1003281, Casanovo, 3.3.0];-0.31473527352015174;null;null;2.0;;
PSM;GPLLHSAPLAPVRPDAPLTK;656;null;null;null;null;[MS, MS:1003281, Casanovo, 3.3.0];-0.38664684834934415;null;null;3.0;;
PSM;GFGFPSENLPGLR;657;null;null;null;null;[MS, MS:1003281, Casanovo, 3.3.0];-0.45658592773335316;null;null;2.0;;
PSM;KAEEELLPKPVMC+57.021EEER;658;null;null;null;null;[MS, MS:1003281, Casanovo, 3.3.0];-0.48671777380837333;null;null;3.0;;
PSM;APLAAPPPKVPALAA;659;null;null;null;null;[MS, MS:1003281, Casanovo, 3.3.0];-0.41354254726320505;null;null;2.0;;
PSM;QPLLLQPPALLNVLTLPPK;660;null;null;null;null;[MS, MS:1003281, Casanovo, 3.3.0];-0.4836950361728668;null;null;3.0;;
PSM;FFFFSLQPGRR;661;null;null;null;null;[MS, MS:1003281, Casanovo, 3.3.0];-0.4656305952618519;null;null;2.0;;
PSM;FTESLLPVKPVYGPLVYR;662;null;null;null;null;[MS, MS:1003281, Casanovo, 3.3.0];-0.5050996689027862;null;null;3.0;;
PSM;EPPPPPPLLTFW;663;null;null;null;null;[MS, MS:1003281, Casanovo, 3.3.0];-0.3543169578680625;null;null;2.0;;
PSM;VPLLGHAPAAPLAPVAPVRPH;664;null;null;null;null;[MS, MS:1003281, Casanovo, 3.3.0];0.5355771976438436;null;null;3.0;;
PSM;APLAFPLLALATFA;665;null;null;null;null;[MS, MS:1003281, Casanovo, 3.3.0];-0.3424404511849085;null;null;2.0;;
PSM;+42.011RLLHFPTLTSLLGAFLRK;666;null;null;null;null;[MS, MS:1003281, Casanovo, 3.3.0];0.5466006342321634;null;null;3.0;;
PSM;FLYGEELLPPVK;667;null;null;null;null;[MS, MS:1003281, Casanovo, 3.3.0];-0.5619162791050397;null;null;2.0;;
PSM;TC+57.021C+57.021ESGEGDAC+57.021GTPGTTLTR;668;null;null;null;null;[MS, MS:1003281, Casanovo, 3.3.0];-0.5675468994748025;null;null;3.0;;
PSM;+42.011LHYASTLLGLLR;669;null;null;null;null;[MS, MS:1003281, Casanovo, 3.3.0];-0.33147768889154705;null;null;2.0;;
PSM;GAFSEYEELRVF;670;null;null;null;null;[MS, MS:1003281, Casanovo, 3.3.0];-0.467852634879259;null;null;2.0;;
PSM;APLAFPLALLTAFA;671;null;null;null;null;[MS, MS:1003281, Casanovo, 3.3.0];-0.4590799858172735;null;null;2.0;;
PSM;+42.011GVKPPSLPTLFFQRLPGLK;672;null;null;null;null;[MS, MS:1003281, Casanovo, 3.3.0];-0.4987369970906348;null;null;3.0;;
PSM;+43.006FSGGQEVSPVVFR;673;null;null;null;null;[MS, MS:1003281, Casanovo, 3.3.0];-0.48842868457237876;null;null;2.0;;
PSM;EQDSSDSHLPALAPMTLTSR;674;null;null;null;null;[MS, MS:1003281, Casanovo, 3.3.0];-0.6085514284315563;null;null;3.0;;
PSM;GPLAAPGRPLAPVAK;675;null;null;null;null;[MS, MS:1003281, Casanovo, 3.3.0];-0.40273389127105474;null;null;2.0;;
PSM;+43.006VLLNLLGFALLGLFLRPGR;676;null;null;null;null;[MS, MS:1003281, Casanovo, 3.3.0];0.5418037651550203;null;null;3.0;;
PSM;FTSSLRPLFTFL;677;null;null;null;null;[MS, MS:1003281, Casanovo, 3.3.0];-0.4073037803173065;null;null;2.0;;
PSM;+42.011AALGPFLPGPELLKPVELLK;678;null;null;null;null;[MS, MS:1003281, Casanovo, 3.3.0];-0.3335802866653963;null;null;3.0;;
PSM;AFFGKPPLTFFTA;679;null;null;null;null;[MS, MS:1003281, Casanovo, 3.3.0];-0.3995410310370582;null;null;2.0;;
PSM;+42.011AQTGLSKPLAPTVTSHLLLR;680;null;null;null;null;[MS, MS:1003281, Casanovo, 3.3.0];0.5794987434690649;null;null;3.0;;
PSM;GFTPPKPLPLAGFN;681;null;null;null;null;[MS, MS:1003281, Casanovo, 3.3.0];-0.40369983712832136;null;null;2.0;;
PSM;LGTLLTMPTTLVLHSKPVGGR;682;null;null;null;null;[MS, MS:1003281, Casanovo, 3.3.0];0.5553713898089799;null;null;3.0;;
PSM;GSLFGLELLELLR;683;null;null;null;null;[MS, MS:1003281, Casanovo, 3.3.0];-0.4486924122486796;null;null;2.0;;
PSM;GHSLLPSSLSSSTSPSTTLLTK;684;null;null;null;null;[MS, MS:1003281, Casanovo, 3.3.0];-0.6185716387370359;null;null;3.0;;
PSM;SLFPELEEELER;685;null;null;null;null;[MS, MS:1003281, Casanovo, 3.3.0];-0.5217625286716681;null;null;2.0;;
PSM;MQTENHPLVFATFDDTLLK;686;null;null;null;null;[MS, MS:1003281, Casanovo, 3.3.0];0.4393339976668358;null;null;3.0;;
PSM;SFPTNSPLTWSSR;687;null;null;null;null;[MS, MS:1003281, Casanovo, 3.3.0];0.5005216332418578;null;null;2.0;;
PSM;SGQEEEEELQSPLPEEEEK;688;null;null;null;null;[MS, MS:1003281, Casanovo, 3.3.0];-0.5845773737877608;null;null;3.0;;
PSM;GATFSLRLTLTFL;689;null;null;null;null;[MS, MS:1003281, Casanovo, 3.3.0];-0.47902148536273415;null;null;2.0;;
PSM;VLKFPLKFPLFL;690;null;null;null;null;[MS, MS:1003281, Casanovo, 3.3.0];0.4965130858696424;null;null;2.0;;
PSM;TFPLLRPVVQLGRTLPLGGR;691;null;null;null;null;[MS, MS:1003281, Casanovo, 3.3.0];0.49111376454432804;null;null;3.0;;
PSM;LPVPAFQLLEALR;692;null;null;null;null;[MS, MS:1003281, Casanovo, 3.3.0];0.47898385726979803;null;null;2.0;;
PSM;DDRPLPSLSSPPPGQLELER;693;null;null;null;null;[MS, MS:1003281, Casanovo, 3.3.0];-0.5814203470945358;null;null;3.0;;
PSM;LPLTRPPLETPLK;694;null;null;null;null;[MS, MS:1003281, Casanovo, 3.3.0];0.6037548024739537;null;null;2.0;;
PSM;RHPPELSSLLEDGRLLQLK;695;null;null;null;null;[MS, MS:1003281, Casanovo, 3.3.0];-0.3852957591414452;null;null;3.0;;
PSM;EQPPPPPLTASSSSS;696;null;null;null;null;[MS, MS:1003281, Casanovo, 3.3.0];-0.45810162648558617;null;null;2.0;;
PSM;RPPLSSASYFSYTLRPLSR;697;null;null;null;null;[MS, MS:1003281, Casanovo, 3.3.0];-0.48849292732775207;null;null;3.0;;
PSM;MLHAPRPPPPKFL;698;null;null;null;null;[MS, MS:1003281, Casanovo, 3.3.0];-0.44231899242315975;null;null;2.0;;
PSM;TLPPAPAQPAGGVQGLALQPLLR;699;null;null;null;null;[MS, MS:1003281, Casanovo, 3.3.0];-0.5156646945203345;null;null;3.0;;
PSM;SAPSLWLTELARK;700;null;null;null;null;[MS, MS:1003281, Casanovo, 3.3.0];0.5132382607885769;null;null;2.0;;
PSM;VYVRPN+0.984GVVLLRDPGLLYR;701;null;null;null;null;[MS, MS:1003281, Casanovo, 3.3.0];-0.6193536516278982;null;null;3.0;;
PSM;GVDLQTLLFLLER;702;null;null;null;null;[MS, MS:1003281, Casanovo, 3.3.0];-0.5176843367516994;null;null;2.0;;
PSM;LGPSTLYEEELLR;703;null;null;null;null;[MS, MS:1003281, Casanovo, 3.3.0];-0.5369042030402592;null;null;2.0;;
PSM;+42.011FTSFLRATLTASSA;704;null;null;null;null;[MS, MS:1003281, Casanovo, 3.3.0];-0.4191556051373482;null;null;2.0;;
PSM;FLGSLLLSALASSASSLVSLRR;705;null;null;null;null;[MS, MS:1003281, Casanovo, 3.3.0];-0.4621108854594438;null;null;3.0;;
PSM;+42.011FTFSHRLLFTFA;706;null;null;null;null;[MS, MS:1003281, Casanovo, 3.3.0];-0.4689641243645123;null;null;2.0;;
PSM;SALSGTEDGPFAVGYRPLLVSAA;707;null;null;null;null;[MS, MS:1003281, Casanovo, 3.3.0];-0.46011435706168413;null;null;3.0;;
PSM;FTFSFPLLRTFR;708;null;null;null;null;[MS, MS:1003281, Casanovo, 3.3.0];-0.4207296978968841;null;null;2.0;;
PSM;LGLGLQALPVAFYLRLPSVEK;709;null;null;null;null;[MS, MS:1003281, Casanovo, 3.3.0];-0.40832098675045103;null;null;3.0;;
PSM;+43.006LLAFANKLTLFLAA;710;null;null;null;null;[MS, MS:1003281, Casanovo, 3.3.0];0.44919899571686983;null;null;2.0;;
PSM;FPLKPALGPRPLFPAALPVWK;711;null;null;null;null;[MS, MS:1003281, Casanovo, 3.3.0];-0.4842973219400103;null;null;3.0;;
PSM;FTFGGGNQLQELTR;712;null;null;null;null;[MS, MS:1003281, Casanovo, 3.3.0];0.42160705824693046;null;null;2.0;;
PSM;SSEAAQLLSKDPAEYLLLLER;713;null;null;null;null;[MS, MS:1003281, Casanovo, 3.3.0];-0.5796103690835563;null;null;3.0;;
PSM;SFFTLRPFLTTFA;714;null;null;null;null;[MS, MS:1003281, Casanovo, 3.3.0];-0.4066988133958408;null;null;2.0;;
PSM;RLSLALAAAAASSSSASALLALRR;715;null;null;null;null;[MS, MS:1003281, Casanovo, 3.3.0];-0.3251569330692291;null;null;3.0;;
PSM;+42.011FFSFSLLFAPLSR;716;null;null;null;null;[MS, MS:1003281, Casanovo, 3.3.0];-0.41834334284067154;null;null;2.0;;
PSM;GSNGPGLLSPVSSPLQLRLLLTE;717;null;null;null;null;[MS, MS:1003281, Casanovo, 3.3.0];-0.48360749337977416;null;null;3.0;;
PSM;VNGHGERPLLAGPLK;718;null;null;null;null;[MS, MS:1003281, Casanovo, 3.3.0];-0.41620801063254476;null;null;2.0;;
PSM;TRPLPLPTFLSGPLPELLLNR;719;null;null;null;null;[MS, MS:1003281, Casanovo, 3.3.0];0.511840187351812;null;null;3.0;;
PSM;LRGPLGPLAKTLTFL;720;null;null;null;null;[MS, MS:1003281, Casanovo, 3.3.0];-0.46755397226661444;null;null;2.0;;
PSM;+42.011LPYSC+57.021FTGLEAAHAGLQLLRK;721;null;null;null;null;[MS, MS:1003281, Casanovo, 3.3.0];-0.4650591317078342;null;null;3.0;;
PSM;GPPEPPGPGPGPGSGSGALPGATSSSR;722;null;null;null;null;[MS, MS:1003281, Casanovo, 3.3.0];-0.6481032464653254;null;null;3.0;;
PSM;ELLLGVGLPPSTLLPVTYELLR;723;null;null;null;null;[MS, MS:1003281, Casanovo, 3.3.0];-0.5823664529168088;null;null;3.0;;
PSM;+42.011LLSPTQAALQQEFK;724;null;null;null;null;[MS, MS:1003281, Casanovo, 3.3.0];-0.4120916244573891;null;null;2.0;;
PSM;LRAPARPLTAALAFL;725;null;null;null;null;[MS, MS:1003281, Casanovo, 3.3.0];-0.45750735281035304;null;null;2.0;;
PSM;ESLLLRPPPLAGTVLRPLPLATG;726;null;null;null;null;[MS, MS:1003281, Casanovo, 3.3.0];-0.504272162138174;null;null;3.0;;
PSM;ALLGPPLTYLLAVLR;727;null;null;null;null;[MS, MS:1003281, Casanovo, 3.3.0];-0.4795798477716744;null;null;2.0;;
PSM;+42.011ALSGTSAEELRYEEELDLDVK;728;null;null;null;null;[MS, MS:1003281, Casanovo, 3.3.0];-0.4522772781226946;null;null;3.0;;
PSM;PLQTFPRPLFSTTT;729;null;null;null;null;[MS, MS:1003281, Casanovo, 3.3.0];-0.4461897899707158;null;null;2.0;;
PSM;AALADGLLVPVHLGTLQLFLLLK;730;null;null;null;null;[MS, MS:1003281, Casanovo, 3.3.0];-0.51727294921875;null;null;3.0;;
PSM;FLPPPLTATLSLTFL;731;null;null;null;null;[MS, MS:1003281, Casanovo, 3.3.0];-0.4754933239892125;null;null;2.0;;
PSM;KPPLPLVYYDEETYGFLATLK;732;null;null;null;null;[MS, MS:1003281, Casanovo, 3.3.0];-0.5227587101134388;null;null;3.0;;
PSM;GAPATPAPGVLR;733;null;null;null;null;[MS, MS:1003281, Casanovo, 3.3.0];-0.3241352943273691;null;null;2.0;;
PSM;NPLARPPGLAPRPLGK;734;null;null;null;null;[MS, MS:1003281, Casanovo, 3.3.0];0.561473502394031;null;null;3.0;;
PSM;GEEEEEEEEEEEEEEELER;735;null;null;null;null;[MS, MS:1003281, Casanovo, 3.3.0];-0.6517474904656411;null;null;3.0;;
PSM;DFPAELLLLLEELK;736;null;null;null;null;[MS, MS:1003281, Casanovo, 3.3.0];0.4652698993682861;null;null;2.0;;
PSM;EGEEEEEEEEEEEELLELLK;737;null;null;null;null;[MS, MS:1003281, Casanovo, 3.3.0];0.3742274705852781;null;null;3.0;;
PSM;LSLAFGPALKFLTFL;738;null;null;null;null;[MS, MS:1003281, Casanovo, 3.3.0];0.5293391267769039;null;null;2.0;;
PSM;RPPSLLSAPLSSSLLSGPLVPGRR;739;null;null;null;null;[MS, MS:1003281, Casanovo, 3.3.0];-0.4974501940608025;null;null;3.0;;
PSM;GKLAAFLLDKLTTFL;740;null;null;null;null;[MS, MS:1003281, Casanovo, 3.3.0];0.526114390231669;null;null;2.0;;
PSM;STFELLHPGLSFGPPQLLRLEK;741;null;null;null;null;[MS, MS:1003281, Casanovo, 3.3.0];-0.4651506073448969;null;null;3.0;;
PSM;GVHAFGLRPALGPLEL;742;null;null;null;null;[MS, MS:1003281, Casanovo, 3.3.0];-0.4204455351128298;null;null;2.0;;
PSM;TLLRPLEPVFSM+15.995SPYLTLLLR;743;null;null;null;null;[MS, MS:1003281, Casanovo, 3.3.0];0.43608818643472413;null;null;3.0;;
PSM;KLTAPALAPLKFPTLT;744;null;null;null;null;[MS, MS:1003281, Casanovo, 3.3.0];0.5853457350064727;null;null;2.0;;
PSM;GFPLALDRLLLPQLLLLDTRPR;745;null;null;null;null;[MS, MS:1003281, Casanovo, 3.3.0];-0.5868825313189756;null;null;3.0;;
PSM;ESEEEEEEK;746;null;null;null;null;[MS, MS:1003281, Casanovo, 3.3.0];-0.5982157588005066;null;null;2.0;;
PSM;ELGLRPALDGLRPLGK;747;null;null;null;null;[MS, MS:1003281, Casanovo, 3.3.0];-0.3367937566602931;null;null;3.0;;
PSM;+42.011GKLFGPGLLALATPTLA;748;null;null;null;null;[MS, MS:1003281, Casanovo, 3.3.0];0.5191550043068434;null;null;2.0;;
PSM;TPLPLTPLLTPGAGAAGPAALALLYR;749;null;null;null;null;[MS, MS:1003281, Casanovo, 3.3.0];-0.5414612966555137;null;null;3.0;;
PSM;PLEAYASPGLHLTPLK;750;null;null;null;null;[MS, MS:1003281, Casanovo, 3.3.0];-0.35973684007630624;null;null;2.0;;
PSM;ASESGSSGGQPAEFYEEELATLRK;751;null;null;null;null;[MS, MS:1003281, Casanovo, 3.3.0];-0.4423026764392852;null;null;3.0;;
PSM;VGLQGPLLTTLAGPTLAA;752;null;null;null;null;[MS, MS:1003281, Casanovo, 3.3.0];-0.45783546508142825;null;null;2.0;;
PSM;ETAEGLAAVPAGPLEEEELEELLK;753;null;null;null;null;[MS, MS:1003281, Casanovo, 3.3.0];-0.6481992813944817;null;null;3.0;;
PSM;GFPDAYSFYYNLLR;754;null;null;null;null;[MS, MS:1003281, Casanovo, 3.3.0];-0.44260771274566646;null;null;2.0;;
PSM;FRPVLPPLAYSPLSQSLLPVVFR;755;null;null;null;null;[MS, MS:1003281, Casanovo, 3.3.0];-0.4109910440941652;null;null;3.0;;
PSM;GPPLLLPPLLK;756;null;null;null;null;[MS, MS:1003281, Casanovo, 3.3.0];-0.5927676061789195;null;null;2.0;;
PSM;+42.011FTTTSTFTGLLRDTR;757;null;null;null;null;[MS, MS:1003281, Casanovo, 3.3.0];-0.4476669316782671;null;null;3.0;;
PSM;ELKPGLAFPLLTLTAAA;758;null;null;null;null;[MS, MS:1003281, Casanovo, 3.3.0];0.5358428855737051;null;null;2.0;;
PSM;HLLHLLTLLTLRPALVDLLSTPH;759;null;null;null;null;[MS, MS:1003281, Casanovo, 3.3.0];0.3661166657693684;null;null;3.0;;
PSM;TLRTPALFSPLAGPGLK;760;null;null;null;null;[MS, MS:1003281, Casanovo, 3.3.0];0.5748958724240462;null;null;2.0;;
PSM;MFGSGGSSASPSTKGPYLLGPNLLLR;761;null;null;null;null;[MS, MS:1003281, Casanovo, 3.3.0];-0.5098353447737517;null;null;3.0;;
PSM;GKLQHLAFFAKLPLAL;762;null;null;null;null;[MS, MS:1003281, Casanovo, 3.3.0];-0.5143124373520123;null;null;2.0;;
PSM;KFRPELDYAAYHGAPLLYFLLR;763;null;null;null;null;[MS, MS:1003281, Casanovo, 3.3.0];-0.4932229181994563;null;null;3.0;;
PSM;AGSPGQNSVVLR;764;null;null;null;null;[MS, MS:1003281, Casanovo, 3.3.0];-0.3319262816355779;null;null;2.0;;
PSM;GFASTLAAYFALRTHR;765;null;null;null;null;[MS, MS:1003281, Casanovo, 3.3.0];-0.44933478271259986;null;null;3.0;;
PSM;-17.027QVTLFAFLRTLTTLSA;766;null;null;null;null;[MS, MS:1003281, Casanovo, 3.3.0];-0.484549039353927;null;null;2.0;;
PSM;+42.011FLLRLLAFEEDEASSATRLLALAA;767;null;null;null;null;[MS, MS:1003281, Casanovo, 3.3.0];-0.46309050057943046;null;null;3.0;;
PSM;APSLLLLPGGPR;768;null;null;null;null;[MS, MS:1003281, Casanovo, 3.3.0];0.5684089333965228;null;null;2.0;;
PSM;NPLPVKPTLSAPLPLTK;769;null;null;null;null;[MS, MS:1003281, Casanovo, 3.3.0];0.5687195104029443;null;null;3.0;;
PSM;KVSLGPLAGPLAGPKPAPL;770;null;null;null;null;[MS, MS:1003281, Casanovo, 3.3.0];0.5595075026154518;null;null;2.0;;
PSM;AGVAEPM+15.995DLPYDLPYDPTATHLLR;771;null;null;null;null;[MS, MS:1003281, Casanovo, 3.3.0];-0.5869275483489036;null;null;3.0;;
PSM;+42.011VHPLPLLSPLSPLLEF;772;null;null;null;null;[MS, MS:1003281, Casanovo, 3.3.0];0.47110876937707263;null;null;2.0;;
PSM;LPPAPPPPALGYGTYSDSSPALSPAGLK;773;null;null;null;null;[MS, MS:1003281, Casanovo, 3.3.0];-0.5225857848237301;null;null;3.0;;
PSM;EEC+57.021SEPAHLR;774;null;null;null;null;[MS, MS:1003281, Casanovo, 3.3.0];-0.4843166247010231;null;null;2.0;;
PSM;GFQALRAPPATLRPTLK;775;null;null;null;null;[MS, MS:1003281, Casanovo, 3.3.0];-0.33896415266725755;null;null;3.0;;
PSM;LPPPPPPPPPPLLSLAAAA;776;null;null;null;null;[MS, MS:1003281, Casanovo, 3.3.0];0.559258496016264;null;null;2.0;;
PSM;RLTLLSSSSSDSPGLLQALLLAELLK;777;null;null;null;null;[MS, MS:1003281, Casanovo, 3.3.0];-0.5735688935275431;null;null;3.0;;
PSM;TAPLSSLRPELLSLTSAA;778;null;null;null;null;[MS, MS:1003281, Casanovo, 3.3.0];0.5007846794630352;null;null;2.0;;
PSM;EEEEEEEEEEEEEEEEEELER;779;null;null;null;null;[MS, MS:1003281, Casanovo, 3.3.0];-0.638790106231516;null;null;3.0;;
PSM;ALPPLTLPRNPALLTLR;780;null;null;null;null;[MS, MS:1003281, Casanovo, 3.3.0];-0.47038387424416017;null;null;2.0;;
PSM;LPLLTLPALPESEEEEEPALPVVFR;781;null;null;null;null;[MS, MS:1003281, Casanovo, 3.3.0];-0.5209062575147703;null;null;3.0;;
PSM;ESEEDEEEEK;782;null;null;null;null;[MS, MS:1003281, Casanovo, 3.3.0];-0.5680592981251804;null;null;2.0;;
PSM;+43.006VRLHTFFFVRAPTLK;783;null;null;null;null;[MS, MS:1003281, Casanovo, 3.3.0];-0.48717367210808926;null;null;3.0;;
PSM;KTFLYGGPGLPRLGLLR;784;null;null;null;null;[MS, MS:1003281, Casanovo, 3.3.0];0.5536348289913602;null;null;2.0;;
PSM;LPLLEEEEEEEEEEEEEEELER;785;null;null;null;null;[MS, MS:1003281, Casanovo, 3.3.0];-0.6536122353180596;null;null;3.0;;
PSM;LASTLSTTAETLPLPKPK;786;null;null;null;null;[MS, MS:1003281, Casanovo, 3.3.0];-0.4286161927800429;null;null;2.0;;
PSM;+42.011VLPPPPPPLTPPLPLPAF;787;null;null;null;null;[MS, MS:1003281, Casanovo, 3.3.0];0.567923198826611;null;null;2.0;;
PSM;TPLPLSLAGTAASSGSSSPSLQLLSLVAAR;788;null;null;null;null;[MS, MS:1003281, Casanovo, 3.3.0];-0.5330129263381804;null;null;3.0;;
PSM;VPLATPKHLFR;789;null;null;null;null;[MS, MS:1003281, Casanovo, 3.3.0];0.5806334357087811;null;null;2.0;;
PSM;QVASSGLVSALVAAVRTHR;790;null;null;null;null;[MS, MS:1003281, Casanovo, 3.3.0];-0.45560058429837225;null;null;3.0;;
PSM;+42.011FTPTLLGGLAGLRGLLDR;791;null;null;null;null;[MS, MS:1003281, Casanovo, 3.3.0];-0.43157647848129277;null;null;2.0;;
PSM;MALPALLRPQPALSAALRDHLSLLER;792;null;null;null;null;[MS, MS:1003281, Casanovo, 3.3.0];-0.5535909864637587;null;null;3.0;;
PSM;GVLGLLNPLSTFPGALLLR;793;null;null;null;null;[MS, MS:1003281, Casanovo, 3.3.0];-0.47083391025662424;null;null;2.0;;
PSM;KLPLLPLPLLLAALLQALEKPLLSLVK;794;null;null;null;null;[MS, MS:1003281, Casanovo, 3.3.0];0.46594154595264364;null;null;3.0;;
PSM;SDLTHLLQLLR;795;null;null;null;null;[MS, MS:1003281, Casanovo, 3.3.0];-0.508790014932553;null;null;2.0;;
PSM;GVRALQAFFFTLEGPRR;796;null;null;null;null;[MS, MS:1003281, Casanovo, 3.3.0];-0.5128887916604679;null;null;3.0;;
PSM;LLGLGSLAPLAAPGVAFLLR;797;null;null;null;null;[MS, MS:1003281, Casanovo, 3.3.0];-0.5666578138868015;null;null;2.0;;
PSM;EVEELELLSALQQQNQLAALQLLYR;798;null;null;null;null;[MS, MS:1003281, Casanovo, 3.3.0];-0.591953157232358;null;null;3.0;;
PSM;NPRFYFTSASQLLRFR;799;null;null;null;null;[MS, MS:1003281, Casanovo, 3.3.0];-0.5480797737836838;null;null;3.0;;
PSM;VRVSLLTAASSAALRLLTAA;800;null;null;null;null;[MS, MS:1003281, Casanovo, 3.3.0];-0.5182359112160546;null;null;2.0;;
PSM;SLLSLGYYVPLERDEEELESLFLLR;801;null;null;null;null;[MS, MS:1003281, Casanovo, 3.3.0];-0.596339592566857;null;null;3.0;;
PSM;KLFSYSGYFSTLRPLTK;802;null;null;null;null;[MS, MS:1003281, Casanovo, 3.3.0];-0.39203823026683593;null;null;3.0;;
PSM;GASSQKPPTFLTK;803;null;null;null;null;[MS, MS:1003281, Casanovo, 3.3.0];-0.40465525431292393;null;null;2.0;;
PSM;LSQAALRAPLASGAFLATHR;804;null;null;null;null;[MS, MS:1003281, Casanovo, 3.3.0];-0.5117291311422985;null;null;3.0;;
PSM;LLLENLAGPM+15.995LNPNLLRK;805;null;null;null;null;[MS, MS:1003281, Casanovo, 3.3.0];-0.5048498946585154;null;null;2.0;;
PSM;HLSLPELTTLLK;806;null;null;null;null;[MS, MS:1003281, Casanovo, 3.3.0];-0.4240684990699475;null;null;2.0;;
PSM;GPSLAPLLGALRPPPPLPLGK;807;null;null;null;null;[MS, MS:1003281, Casanovo, 3.3.0];-0.44162606244737457;null;null;3.0;;
PSM;EEEDLEEEEDK;808;null;null;null;null;[MS, MS:1003281, Casanovo, 3.3.0];-0.6769638806581497;null;null;2.0;;
PSM;GVRAFTLAYLYLLATLRR;809;null;null;null;null;[MS, MS:1003281, Casanovo, 3.3.0];-0.4252454583582125;null;null;3.0;;
PSM;QLLGLLGHGFGPLPPLLLAR;810;null;null;null;null;[MS, MS:1003281, Casanovo, 3.3.0];-0.4640452514092127;null;null;2.0;;
PSM;NYLVLLC+57.021GSPLSDDDESPAVVHLPVVFR;811;null;null;null;null;[MS, MS:1003281, Casanovo, 3.3.0];-0.5266567869433041;null;null;3.0;;
PSM;C+57.021SVDLLFLLAMK;812;null;null;null;null;[MS, MS:1003281, Casanovo, 3.3.0];-0.5405087539782891;null;null;2.0;;
PSM;KSLFYTSSSLRPLLLLEK;813;null;null;null;null;[MS, MS:1003281, Casanovo, 3.3.0];-0.4210773855447769;null;null;3.0;;
PSM;SGLRAGGLASFASSGLLRDFR;814;null;null;null;null;[MS, MS:1003281, Casanovo, 3.3.0];-0.5183590535413135;null;null;3.0;;
PSM;LALAPYLAPEYLAPAGLLLR;815;null;null;null;null;[MS, MS:1003281, Casanovo, 3.3.0];-0.3505357276825678;null;null;2.0;;
PSM;LTLGGYGVVRLLW;816;null;null;null;null;[MS, MS:1003281, Casanovo, 3.3.0];-0.5105025643216712;null;null;2.0;;
PSM;GLRDLALGNQAAGAFLATLRR;817;null;null;null;null;[MS, MS:1003281, Casanovo, 3.3.0];-0.44195343689485034;null;null;3.0;;
PSM;SGNNNDLLLELER;818;null;null;null;null;[MS, MS:1003281, Casanovo, 3.3.0];-0.6222267055085727;null;null;2.0;;
PSM;GVKLHFFLSFHGLTLGFTFA;819;null;null;null;null;[MS, MS:1003281, Casanovo, 3.3.0];-0.6093719505837986;null;null;3.0;;
PSM;DPTALALLAHSAPVRLLFAHR;820;null;null;null;null;[MS, MS:1003281, Casanovo, 3.3.0];0.42309746789661323;null;null;3.0;;
PSM;AAAPSQSLRPFLQR;821;null;null;null;null;[MS, MS:1003281, Casanovo, 3.3.0];-0.38366637825965877;null;null;2.0;;
PSM;FTTALRFFYSDGLQAFRLR;822;null;null;null;null;[MS, MS:1003281, Casanovo, 3.3.0];-0.48065330609679224;null;null;3.0;;
PSM;C+57.021SEDDLC+57.021DHC+57.021DR;823;null;null;null;null;[MS, MS:1003281, Casanovo, 3.3.0];-0.6298947918873568;null;null;2.0;;
PSM;RKELLSLYSSSSPVGPVLLRR;824;null;null;null;null;[MS, MS:1003281, Casanovo, 3.3.0];0.5215455974367532;null;null;3.0;;
PSM;RPLPPLLTYFTYSAGLRPTLK;825;null;null;null;null;[MS, MS:1003281, Casanovo, 3.3.0];-0.5118550861423665;null;null;3.0;;
PSM;+42.011LLRGGLK;826;null;null;null;null;[MS, MS:1003281, Casanovo, 3.3.0];-0.5519782900810242;null;null;2.0;;
PSM;MERPFK;827;null;null;null;null;[MS, MS:1003281, Casanovo, 3.3.0];0.5610175324337823;null;null;2.0;;
PSM;MERPGGFFLR;828;null;null;null;null;[MS, MS:1003281, Casanovo, 3.3.0];0.48381507396698;null;null;3.0;;
PSM;+43.006LTDAYVVGGLK;829;null;null;null;null;[MS, MS:1003281, Casanovo, 3.3.0];0.5130986886528822;null;null;2.0;;
PSM;KGEEAAPAPELLAALKR;830;null;null;null;null;[MS, MS:1003281, Casanovo, 3.3.0];-0.48195133523808587;null;null;3.0;;
PSM;-17.027QFLPGFDPFK;831;null;null;null;null;[MS, MS:1003281, Casanovo, 3.3.0];-0.4228963988522688;null;null;2.0;;
PSM;ADLAVPTGK;832;null;null;null;null;[MS, MS:1003281, Casanovo, 3.3.0];-0.4014991596341133;null;null;2.0;;
PSM;GPPLLGLSLGLKR;833;null;null;null;null;[MS, MS:1003281, Casanovo, 3.3.0];-0.37368687774453846;null;null;3.0;;
PSM;LPWLSPGR;834;null;null;null;null;[MS, MS:1003281, Casanovo, 3.3.0];-0.5145844353569878;null;null;2.0;;
PSM;VHPSEEPGLGGGPR;835;null;null;null;null;[MS, MS:1003281, Casanovo, 3.3.0];-0.5174825390179951;null;null;3.0;;
PSM;ESQYAAVSR;836;null;null;null;null;[MS, MS:1003281, Casanovo, 3.3.0];-0.3177638992667198;null;null;2.0;;
PSM;SGPYVC+57.021GPPLKLPK;837;null;null;null;null;[MS, MS:1003281, Casanovo, 3.3.0];-0.445040421684583;null;null;3.0;;
PSM;EYFSATLK;838;null;null;null;null;[MS, MS:1003281, Casanovo, 3.3.0];-0.40744716922442115;null;null;2.0;;
PSM;RPLLEEELLYR;839;null;null;null;null;[MS, MS:1003281, Casanovo, 3.3.0];-0.6084548303236563;null;null;3.0;;
PSM;PSQLYAPDR;840;null;null;null;null;[MS, MS:1003281, Casanovo, 3.3.0];-0.46584845930337904;null;null;2.0;;
PSM;LLHYPATLLGVLLR;841;null;null;null;null;[MS, MS:1003281, Casanovo, 3.3.0];-0.4671671827634175;null;null;3.0;;
PSM;PFATPLPSLR;842;null;null;null;null;[MS, MS:1003281, Casanovo, 3.3.0];-0.561052138155157;null;null;2.0;;
PSM;PPLPVPLPLPVGSLVR;843;null;null;null;null;[MS, MS:1003281, Casanovo, 3.3.0];-0.49706083448494187;null;null;3.0;;
PSM;LSYSPLPTLR;844;null;null;null;null;[MS, MS:1003281, Casanovo, 3.3.0];-0.3849965374578129;null;null;2.0;;
PSM;KPQLLPPGPLLPALPR;845;null;null;null;null;[MS, MS:1003281, Casanovo, 3.3.0];-0.4402029076043297;null;null;3.0;;
PSM;APGPLSPGPQLR;846;null;null;null;null;[MS, MS:1003281, Casanovo, 3.3.0];-0.38418809954936683;null;null;2.0;;
PSM;EQHVPALLNLLATTSR;847;null;null;null;null;[MS, MS:1003281, Casanovo, 3.3.0];-0.5632419047110221;null;null;3.0;;
