PSH;sequence;PSM_ID;search_engine_score[1];charge;;;;;;;;;
PSM;AYDNATAAVAK;1;0.9998812874158224;2.0;;;;;;;;;
PSM;AYDNAAYDNATAAVAK;2;-0.0317378815482644;3.0;;;;;;;;;
PSM;AYDNATAAVAK;3;0.9999415129423141;2.0;;;;;;;;;
PSM;AYDNAAYDNATAAVAK;4;-0.07449091182035561;3.0;;;;;;;;;
PSM;AYDNATAAVAK;5;0.9999501258134842;2.0;;;;;;;;;
PSM;+43.006YDNATYDNATAAVAK;6;-0.1236597302931306;3.0;;;;;;;;;
PSM;QLAEQNRK;7;-0.0003951589266458777;2.0;;;;;;;;;
PSM;SQYEQLAEQNRK;8;0.9911520481109619;3.0;;;;;;;;;
PSM;AQYEDLAQK;9;0.9998182713985443;2.0;;;;;;;;;
PSM;YEDLAQYEDLAQK;10;-0.05596679449081421;3.0;;;;;;;;;
PSM;QLAEQNRK;11;-0.00961340135998201;2.0;;;;;;;;;
PSM;SQYEQLAEQNRK;12;0.9947982522157522;3.0;;;;;;;;;
PSM;AEAESLYQSK;13;0.9996321634812788;2.0;;;;;;;;;
PSM;AEAESLEAESLYQSK;14;-0.151225853478536;3.0;;;;;;;;;
PSM;SELTELRR;15;0.9988227685292562;2.0;;;;;;;;;
PSM;RSELTELTELRR;16;-0.11667154055948437;3.0;;;;;;;;;
PSM;SELTELRR;17;0.9994155499670241;2.0;;;;;;;;;
PSM;DELTEELTELRR;18;0.8673845834743518;3.0;;;;;;;;;
PSM;LSSPATLNSR;19;0.9998222697864879;2.0;;;;;;;;;
PSM;+42.011VTSLSLSSPATLNSR;20;-0.09599207429324874;3.0;;;;;;;;;
PSM;VTMQNLNDR;21;0.9992714166641236;2.0;;;;;;;;;
PSM;ATMQNVTMQNLNDR;22;-0.08528885593016944;3.0;;;;;;;;;
PSM;QLSLSSPATLGGSR;23;-0.1939903522531191;2.0;;;;;;;;;
PSM;VSSLSSPASTVLSSPATLGGSR;24;-0.3328172796021175;3.0;;;;;;;;;
PSM;LSSPATLNSR;25;0.9998192678798329;2.0;;;;;;;;;
PSM;FSSLSLSSPATLNSR;26;0.8807536717504263;3.0;;;;;;;;;
PSM;GRDHHDM+15.995PP;27;-0.4798841685056686;2.0;;;;;;;;;
PSM;GSRM+15.995DC+57.021STC+57.021PGRSR;28;-0.43220842083295186;3.0;;;;;;;;;
PSM;VDPELQNVK;29;-0.0020153641700744185;2.0;;;;;;;;;
PSM;VDAGTGLNPELQNVK;30;-0.20523625798523426;3.0;;;;;;;;;
PSM;QGSGSHGHGGHA;31;0.6365675605260409;2.0;;;;;;;;;
PSM;EDRHGSGGGSYGHGGHA;32;-0.442423053085804;3.0;;;;;;;;;
PSM;TLLEGEESR;33;0.9998762667179107;2.0;;;;;;;;;
PSM;SENGTQLLEGEESR;34;0.7466315612196922;3.0;;;;;;;;;
PSM;LSSPATLNSR;35;0.9998087937181647;2.0;;;;;;;;;
PSM;FSSLSLSSPATLNSR;36;0.8796584941446781;3.0;;;;;;;;;
PSM;VDPELQNVK;37;0.9998007237911224;2.0;;;;;;;;;
PSM;VDLGPEDPELQNVK;38;-0.1398881337294976;3.0;;;;;;;;;
PSM;HDRDHSSRS;39;-0.39736953079700466;2.0;;;;;;;;;
PSM;QC+57.021HDRPPPQM+15.995DDK;40;-0.5001528305666787;3.0;;;;;;;;;
PSM;TLLEGEESR;41;0.9999563872814179;2.0;;;;;;;;;
PSM;ELLRTLLEGEESR;42;-0.23570510212864193;3.0;;;;;;;;;
PSM;LSSPATLNSR;43;0.9997417330741882;2.0;;;;;;;;;
PSM;FSSLSLSSPATLNSR;44;0.860996913164854;3.0;;;;;;;;;
PSM;TLLEGEESR;45;0.9995821952819824;2.0;;;;;;;;;
PSM;TLLEC+57.021LLEGEESR;46;0.85450251187597;3.0;;;;;;;;;
PSM;LSSPATLNSR;47;0.99985056031834;2.0;;;;;;;;;
PSM;VSSPASLSSPATLNSR;48;-0.09444111585617065;3.0;;;;;;;;;
PSM;LASYLDK;49;0.9999015554785728;2.0;;;;;;;;;
PSM;LASSYASYLDK;50;-0.09608111949637532;3.0;;;;;;;;;
PSM;LASYLDK;51;0.999917283654213;2.0;;;;;;;;;
PSM;LASSYASYLDK;52;-0.09472240492080652;3.0;;;;;;;;;
PSM;YENEVALR;53;0.9994996454980638;2.0;;;;;;;;;
PSM;YENELENEVALR;54;-0.0793337335523504;3.0;;;;;;;;;
PSM;YENEVALR;55;0.9997371501392789;2.0;;;;;;;;;
PSM;YENEVENEVALR;56;-0.07970975891042209;3.0;;;;;;;;;
PSM;LAADDFR;57;0.9973624497652054;2.0;;;;;;;;;
PSM;LLALLAADDFR;58;-0.22861492447555065;3.0;;;;;;;;;
PSM;LAADDFR;59;0.9991931021213531;2.0;;;;;;;;;
PSM;SLEALAADDFR;60;-0.14930337543288863;3.0;;;;;;;;;
PSM;LENELQTYR;61;0.9996729791164398;2.0;;;;;;;;;
PSM;-17.027LENELLENELQTYR;62;0.8240739244539554;3.0;;;;;;;;;
PSM;ALEESNYELEGK;63;0.9994456768035889;2.0;;;;;;;;;
PSM;EESNYELEESNYELEGK;64;-0.055646272169219135;3.0;;;;;;;;;
PSM;SLVGLGGTK;65;0.9992846012115478;2.0;;;;;;;;;
PSM;+43.006SLVASLVGLGGTK;66;-0.1261062284310659;3.0;;;;;;;;;
PSM;ALEESNYELEGK;67;0.999606192111969;2.0;;;;;;;;;
PSM;EESNYELEESNYELEGK;68;-0.08480287757184768;3.0;;;;;;;;;
PSM;SLVGLGGTK;69;0.9993792355060578;2.0;;;;;;;;;
PSM;TVVASGLVGLGGTK;70;-0.12975987643003462;3.0;;;;;;;;;
PSM;SLVNLGGSK;71;0.9993820130825043;2.0;;;;;;;;;
PSM;SLVNLLVNLGGSK;72;-0.07697300080742153;3.0;;;;;;;;;
PSM;YLDKVR;73;-0.14317338807242252;2.0;;;;;;;;;
PSM;LASYLDKVR;74;0.9997608602046967;3.0;;;;;;;;;
PSM;SLVNLGGSK;75;0.999497389793396;2.0;;;;;;;;;
PSM;SLVNLLVNLGGSK;76;-0.05577852896281654;3.0;;;;;;;;;
PSM;SLVNLGGSK;77;0.9998338043689727;2.0;;;;;;;;;
PSM;SLVNLLVNLGGSK;78;-0.06490584356444218;3.0;;;;;;;;;
PSM;VATVSLPR;79;0.9998921089702182;2.0;;;;;;;;;
PSM;RATVVATVSLPR;80;-0.19741965113924098;3.0;;;;;;;;;
PSM;VQALEEANNDLENK;81;0.9992765386899313;2.0;;;;;;;;;
PSM;VQALEEDNQALEEANNDLENK;82;-0.046098446304147944;3.0;;;;;;;;;
PSM;AEFVTLKR;83;-0.14144159605105722;2.0;;;;;;;;;
PSM;TNAENEFVTLKR;84;0.996800917845506;3.0;;;;;;;;;
PSM;VGPVSLPR;85;0.9506616923544142;2.0;;;;;;;;;
PSM;PKPAPPAVSLPR;86;-0.2810640787849059;3.0;;;;;;;;;
PSM;VATVSLPR;87;0.9999123480584886;2.0;;;;;;;;;
PSM;GELKVATVSLPR;88;-0.21766035086833513;3.0;;;;;;;;;
PSM;NSM+15.995LEDK;89;-0.507987960241735;2.0;;;;;;;;;
PSM;M+15.995SHLQELQEK;90;-0.6179913702336224;3.0;;;;;;;;;
PSM;GSC+57.021C+57.021GLPR;91;-0.43998652696609497;2.0;;;;;;;;;
PSM;NC+57.021RPPC+57.021SSLPR;92;-0.4818244228760401;3.0;;;;;;;;;
PSM;TVSLPR;93;0.9990811177662441;2.0;;;;;;;;;
PSM;TLQPVSLPR;94;-0.2617059543728828;3.0;;;;;;;;;
PSM;ATVSLPR;95;0.9993530213832855;2.0;;;;;;;;;
PSM;ATLGVTVSLPR;96;0.8453384389479955;3.0;;;;;;;;;
PSM;SLSLSVAR;97;0.9868153995937772;2.0;;;;;;;;;
PSM;SLSLSLSLSVAR;98;-0.09196929289744449;3.0;;;;;;;;;
PSM;QVLDNLTM+15.995EK;99;0.9998812079429626;2.0;;;;;;;;;
PSM;QVLEKQVLDNLTM+15.995EK;100;-0.21531613124534488;3.0;;;;;;;;;
PSM;VGPVSLPR;101;0.9712837735811869;2.0;;;;;;;;;
PSM;KPAVPPAVSLPR;102;-0.168457968876912;3.0;;;;;;;;;
PSM;VATVSLPR;103;-8,60E+10;2.0;;;;;;;;;
PSM;+42.011GLTVVATVSLPR;104;-0.1904068375006318;3.0;;;;;;;;;
PSM;VATVSLPR;105;0.9999415874481201;2.0;;;;;;;;;
PSM;+42.011GLTVVATVSLPR;106;-0.17861938835786917;3.0;;;;;;;;;
PSM;VAVYLFK;107;-0.3152148202061653;2.0;;;;;;;;;
PSM;VLLSLSPAPPFK;108;-0.5200368555692526;3.0;;;;;;;;;
PSM;Q+0.984YC+57.021GLPR;109;0.5405222214758396;2.0;;;;;;;;;
PSM;ERDHVGVMPM+15.995R;110;0.5498589643587669;3.0;;;;;;;;;
PSM;SLSLSVAR;111;0.9965333541234335;2.0;;;;;;;;;
PSM;SLSLSLSLSVAR;112;-0.09498192255313576;3.0;;;;;;;;;
PSM;QVLDNLTM+15.995EK;113;0.9996344663880088;2.0;;;;;;;;;
PSM;QVLDNLGVLDNLTM+15.995EK;114;-0.09691672553034392;3.0;;;;;;;;;
PSM;VGPVSLPR;115;0.9483296076456705;2.0;;;;;;;;;
PSM;KPAVPTAVSLPR;116;-0.2754365767423923;3.0;;;;;;;;;
PSM;VATVSLPR;117;0.9999153547816806;2.0;;;;;;;;;
PSM;+42.011VATVTATVSLPR;118;-0.1565943816676736;3.0;;;;;;;;;
PSM;LATVSLPR;119;0.9998812013202243;2.0;;;;;;;;;
PSM;LATVSAATVSLPR;120;-0.12356735712715561;3.0;;;;;;;;;
PSM;RTNAENEFVTLK;121;0.9829056904866145;2.0;;;;;;;;;
PSM;+42.011GNFSRDPRNSNNEFVTLK;122;-0.22922247312963007;3.0;;;;;;;;;
PSM;SLSLSVAR;123;0.9973798791567484;2.0;;;;;;;;;
PSM;SLSLSLSLSVAR;124;-0.09194990075551546;3.0;;;;;;;;;
PSM;VATVSLPR;125;0.9999325739012824;2.0;;;;;;;;;
PSM;+42.011VATVTATVSLPR;126;-0.16905088057475426;3.0;;;;;;;;;
PSM;LATVSLPR;127;0.9998367958598666;2.0;;;;;;;;;
PSM;+42.011LTVSPATVSLPR;128;-0.1965344154409;3.0;;;;;;;;;
PSM;TNEFVTLK;129;-0.032350632879469154;2.0;;;;;;;;;
PSM;RTNAENEFVTLK;130;0.9996250821993902;3.0;;;;;;;;;
PSM;QSLQGGM+15.995K;131;-0.42819518016444313;2.0;;;;;;;;;
PSM;EVLAQNGSTPHK;132;-0.3174800345530877;3.0;;;;;;;;;
PSM;VATVSLPR;133;0.9999142818980746;2.0;;;;;;;;;
PSM;+42.011GLTVVATVSLPR;134;-0.19942054658063824;3.0;;;;;;;;;
PSM;LATVSLPR;135;0.9998121725188361;2.0;;;;;;;;;
PSM;LAAVSPATVSLPR;136;-0.19600437262228554;3.0;;;;;;;;;
PSM;FEMEQNLR;137;0.9995937612321641;2.0;;;;;;;;;
PSM;FEEMFEMEQNLR;138;-0.17715225884547603;3.0;;;;;;;;;
PSM;RASQENEFVTLK;139;0.9040968991242923;2.0;;;;;;;;;
PSM;RTGQENGEFGPNNEFVTLK;140;-0.254541777819395;3.0;;;;;;;;;
PSM;VATVSLPR;141;0.9996238880687289;2.0;;;;;;;;;
PSM;RGLTVATVSLPR;142;-0.21054633420247293;3.0;;;;;;;;;
PSM;LATVSLPR;143;0.9998123778237237;2.0;;;;;;;;;
PSM;+42.011LTVSPATVSLPR;144;-0.1988757870026997;3.0;;;;;;;;;
PSM;FEMEQNLR;145;0.9998492399851481;2.0;;;;;;;;;
PSM;FEMEQEMEQNLR;146;-0.06543093919754028;3.0;;;;;;;;;
PSM;ADLNGLRR;147;-0.018544183837042927;2.0;;;;;;;;;
PSM;QSVEADLNGLRR;148;0.9914147624602685;3.0;;;;;;;;;
PSM;+42.011RTVTVPR;149;0.7969966325391498;2.0;;;;;;;;;
PSM;+42.011LEEKAEVSLPR;150;-0.31515118909569884;3.0;;;;;;;;;
PSM;VATVSLPR;151;0.9997464550866021;2.0;;;;;;;;;
PSM;LATVQATVSLPR;152;-0.1029007367144984;3.0;;;;;;;;;
PSM;LATVSLPR;153;0.999971244070265;2.0;;;;;;;;;
PSM;+42.011LATVLATVSLPR;154;-0.11523490558777538;3.0;;;;;;;;;
PSM;ADLNGLRR;155;-0.024520006444719078;2.0;;;;;;;;;
PSM;QSVEADLNGLRR;156;0.9886788588303786;3.0;;;;;;;;;
PSM;+42.011RTVSLPR;157;0.8242028334902393;2.0;;;;;;;;;
PSM;TRELQTVSLPR;158;-0.27957337349653244;3.0;;;;;;;;;
PSM;VATVSLPR;159;0.999313473701477;2.0;;;;;;;;;
PSM;GVTVAVATVSLPR;160;-0.14395984687975472;3.0;;;;;;;;;
PSM;QGVDADLNGLR;161;0.9977834274371465;2.0;;;;;;;;;
PSM;+42.011QVDAKQGVDADLNGLR;162;-0.17540038004517555;3.0;;;;;;;;;
PSM;C+57.021PLLENK;163;-0.47756728157401085;2.0;;;;;;;;;
PSM;C+57.021PLPPPVLGNNK;164;-0.5061107295063826;3.0;;;;;;;;;
PSM;ADLNGLRR;165;-0.09184248911009896;2.0;;;;;;;;;
PSM;QSVEADLNGLRR;166;0.9600492578286391;3.0;;;;;;;;;
PSM;+42.011RTVSLPR;167;0.8100804920411773;2.0;;;;;;;;;
PSM;ARTLVAEVSLPR;168;-0.28960263413878584;3.0;;;;;;;;;
PSM;FLEQQNQVLQTK;169;0.9998538402410654;2.0;;;;;;;;;
PSM;EQQNLKFLEQQNQVLQTK;170;-0.21539553725405747;3.0;;;;;;;;;
PSM;VATVSLPR;171;0.9987400240368314;2.0;;;;;;;;;
PSM;LSTVLATVSLPR;172;-0.12353820869555843;3.0;;;;;;;;;
PSM;QGVDADLNGLR;173;0.9991651227076849;2.0;;;;;;;;;
PSM;+42.011QVDAKQGVDADLNGLR;174;-0.16853287733263445;3.0;;;;;;;;;
PSM;LELSELNR;175;0.9997736480500963;2.0;;;;;;;;;
PSM;SRLELELSELNR;176;0.783450031796327;3.0;;;;;;;;;
PSM;LATVSLPR;177;-0.08138477140002776;2.0;;;;;;;;;
PSM;ALPDKVTVSLPR;178;-0.24888452314413512;3.0;;;;;;;;;
PSM;FLEQQNQVLQTK;179;0.999837861611293;2.0;;;;;;;;;
PSM;-17.027QLEQQKFLEQQNQVLQTK;180;0.7955073393881321;3.0;;;;;;;;;
PSM;VATVSLPR;181;0.9997949865129259;2.0;;;;;;;;;
PSM;LSLSLATVSLPR;182;-0.10307919749846828;3.0;;;;;;;;;
PSM;LELSELNR;183;0.9997839132944742;2.0;;;;;;;;;
PSM;LELSEELSELNR;184;-0.1132739968597889;3.0;;;;;;;;;
PSM;YLDGLTAER;185;0.9985121071338654;2.0;;;;;;;;;
PSM;ELDGLYLDGLTAER;186;-0.19228788812955222;3.0;;;;;;;;;
PSM;VVTVSLPR;187;0.8576567863217659;2.0;;;;;;;;;
PSM;KVSSLQTVSLPR;188;-0.2943567312680758;3.0;;;;;;;;;
PSM;VATVSLPR;189;0.9998571872711182;2.0;;;;;;;;;
PSM;LSTVLATVSLPR;190;-0.1641139284922526;3.0;;;;;;;;;
PSM;LELSELNR;191;0.9998194773991903;2.0;;;;;;;;;
PSM;SELDRELSELNR;192;-0.2623780576082376;3.0;;;;;;;;;
PSM;YLDGLTAER;193;0.9988273978233337;2.0;;;;;;;;;
PSM;YLDLYLDGLTAER;194;-0.17647574841976166;3.0;;;;;;;;;
PSM;VATVSLPR;195;0.9999555548032125;2.0;;;;;;;;;
PSM;EVTVVATVSLPR;196;-0.17170290534312904;3.0;;;;;;;;;
PSM;YEELQLTAGR;197;0.9997826706279408;2.0;;;;;;;;;
PSM;FEELQLQ+0.984ELQLTAGR;198;-0.12691169226309285;3.0;;;;;;;;;
PSM;YEELQLTAGR;199;0.9997516382824291;2.0;;;;;;;;;
PSM;FEELQLQ+0.984ELQLTAGR;200;-0.12589409173233435;3.0;;;;;;;;;
PSM;YEELQLTAGR;201;0.9997650710019198;2.0;;;;;;;;;
PSM;FEELQLEELQLTAGR;202;-0.12169488696963526;3.0;;;;;;;;;
PSM;GVSSPATLNSR;203;0.9508993724981943;2.0;;;;;;;;;
PSM;LSSPQPASSPATLNSR;204;-0.14434530761312037;3.0;;;;;;;;;
PSM;ADRDDGENSR;205;-0.3914948363195766;2.0;;;;;;;;;
PSM;TC+57.021RDDDRAC+57.021GENSR;206;0.6374183903137843;3.0;;;;;;;;;
PSM;NELQTYR;207;-0.04840686172246933;2.0;;;;;;;;;
PSM;LRLENELQTYR;208;0.999698743224144;3.0;;;;;;;;;
PSM;RELQTYR;209;-0.030919738113880157;2.0;;;;;;;;;
PSM;LRLENELQTYR;210;0.9882932305335999;3.0;;;;;;;;;
PSM;YEELQVTVGR;211;0.9993002089587125;2.0;;;;;;;;;
PSM;LLELKYEELQVTVGR;212;0.7551872450858355;3.0;;;;;;;;;
PSM;YEELQVTVGR;213;0.9998168999498541;2.0;;;;;;;;;
PSM;FEELQLEELQVTVGR;214;0.8513203420079662;3.0;;;;;;;;;
PSM;EGPATLNSR;215;-0.1555211156606674;2.0;;;;;;;;;
PSM;RLLSLSPATLNSR;216;-0.1909298204949924;3.0;;;;;;;;;
PSM;AVGVTYDGHTALTR;217;-0.031988791624705026;2.0;;;;;;;;;
PSM;YSQGNVSAVGVTYDGHTALTR;218;0.979704740372571;3.0;;;;;;;;;
PSM;FASFLDK;219;0.9998025596141815;2.0;;;;;;;;;
PSM;FALSFASFLDK;220;-0.08117689689000451;3.0;;;;;;;;;
PSM;TNAENEFVTLK;221;0.9997758915026983;2.0;;;;;;;;;
PSM;TNAESKTNAENEFVTLK;222;-0.20771208902200067;3.0;;;;;;;;;
PSM;AVGVTYDGHTALTR;223;-0.02534088691075642;2.0;;;;;;;;;
PSM;YSQGNVGTVGVTYDGHTALTR;224;0.9848330102183602;3.0;;;;;;;;;
PSM;FASFLDK;225;0.9997169151902199;2.0;;;;;;;;;
PSM;FASFLASFLDK;226;-0.12313862827916944;3.0;;;;;;;;;
PSM;TNAENEFVTLK;227;0.9997763385375341;2.0;;;;;;;;;
PSM;TN+0.984AESKTNAENEFVTLK;228;0.7935808197491698;3.0;;;;;;;;;
PSM;QVLDNLTMEK;229;0.9998622374101118;2.0;;;;;;;;;
PSM;GLLDNLTVLDNLTMEK;230;-0.17148484355386562;3.0;;;;;;;;;
PSM;AVGVTYDGHTALTR;231;-0.05943056742350261;2.0;;;;;;;;;
PSM;YSQGNVGTVGVTYDGHTALTR;232;0.9653188234025781;3.0;;;;;;;;;
PSM;QSLEASLAETEGR;233;0.9994165343897683;2.0;;;;;;;;;
PSM;QSLEASVQSLEASLAETEGR;234;-0.0987748808138782;3.0;;;;;;;;;
PSM;AVGVTYDGHTALTR;235;-0.05610967874526973;2.0;;;;;;;;;
PSM;YSQGNVGTVGVTYDGHTALTR;236;0.9772421202876351;3.0;;;;;;;;;
PSM;TAAENDFVTLK;237;0.9998496373494467;2.0;;;;;;;;;
PSM;TAAENFSAAENDFVTLK;238;-0.0742306382809248;3.0;;;;;;;;;
PSM;LNALEPLER;239;0.9936012268066406;2.0;;;;;;;;;
PSM;LNALELNALEPLER;240;-0.06964575871825218;3.0;;;;;;;;;
PSM;TLLDLDNTR;241;0.9998711347579956;2.0;;;;;;;;;
PSM;TLLDLSLLDLDNTR;242;-0.07879690863192079;3.0;;;;;;;;;
PSM;DAVEDLESVGK;243;0.9992618362108866;2.0;;;;;;;;;
PSM;LEDLESAVEDLESVGK;244;-0.13554111123085022;3.0;;;;;;;;;
PSM;QLSNLQQSLSDAEQR;245;0.9995488338172436;2.0;;;;;;;;;
PSM;QLSNLQNSPTLNLQQSLSDAEGAR;246;-0.16910017134156075;3.0;;;;;;;;;
PSM;TLLDLDSQR;247;0.9430743217468261;2.0;;;;;;;;;
PSM;SLLDLPLLDLDNTR;248;-0.1487563714385033;3.0;;;;;;;;;
PSM;DQLVDLTVGNNK;249;0.9987748769613413;2.0;;;;;;;;;
PSM;DQLVAKDQLVDLTVGNNK;250;-0.21131618164087596;3.0;;;;;;;;;
PSM;TLLDLDNTR;251;0.9670863211154938;2.0;;;;;;;;;
PSM;ALLDLTLLDLDNTR;252;-0.08058389425277712;3.0;;;;;;;;;
PSM;MTLDDFR;253;0.9979695081710815;2.0;;;;;;;;;
PSM;SFMTLTLDDFR;254;0.8161819828674197;3.0;;;;;;;;;
PSM;LAELEEALQK;255;0.999503953890367;2.0;;;;;;;;;
PSM;LAELEQAELEEALQK;256;0.936708472087048;3.0;;;;;;;;;
PSM;PVTVSLPR;257;0.8974719271063805;2.0;;;;;;;;;
PSM;KTPVPVTVSLPR;258;-0.15016111731529236;3.0;;;;;;;;;
PSM;MTLDDFR;259;0.9992891028523445;2.0;;;;;;;;;
PSM;MTMTLTLDDFR;260;-0.14001745606462157;3.0;;;;;;;;;
PSM;DAEAWFNEK;261;0.9974478602409362;2.0;;;;;;;;;
PSM;DAELKDAEAWFNEK;262;-0.28350326269865034;3.0;;;;;;;;;
PSM;TNDNAMLANLAGR;263;0.9996107603822436;2.0;;;;;;;;;
PSM;GNDNAMLANDNAMLANLAGR;264;-0.12666766310021993;3.0;;;;;;;;;
PSM;PVTVSLPR;265;0.9198010563850403;2.0;;;;;;;;;
PSM;LEPVPVTVSLPR;266;-0.14902067528321195;3.0;;;;;;;;;
PSM;MTLDDFR;267;0.9984293058514595;2.0;;;;;;;;;
PSM;SFMTLTLDDFR;268;0.8118197609049579;3.0;;;;;;;;;
PSM;DAEAWFNEK;269;0.9983050763607025;2.0;;;;;;;;;
PSM;+42.011DAEAQDAEAWFNEK;270;-0.14259536610916257;3.0;;;;;;;;;
PSM;-17.027QSVEADLNGLRR;271;0.9950678178242275;2.0;;;;;;;;;
PSM;GQRKLNGNVEADLNGLRR;272;-0.19889363489652934;3.0;;;;;;;;;
PSM;-17.027QSVEADLNGLRR;273;0.9975750361170087;2.0;;;;;;;;;
PSM;+43.006KRLQLDAVEADLNGLRR;274;-0.17274320831424317;3.0;;;;;;;;;
PSM;VLDELTLTK;275;0.9997733414173127;2.0;;;;;;;;;
PSM;GVDELTLDELTLTK;276;0.8970453441143036;3.0;;;;;;;;;
PSM;PVTVSLPR;277;0.9160013265079923;2.0;;;;;;;;;
PSM;AATPVPVTVSLPR;278;-0.12472215614148552;3.0;;;;;;;;;
PSM;VLDELTLTK;279;0.999837440252304;2.0;;;;;;;;;
PSM;+42.011LDELTLDELTLTK;280;0.9046958724657694;3.0;;;;;;;;;
PSM;VPTVSLPR;281;0.9019936952326033;2.0;;;;;;;;;
PSM;AATPVPVTVSLPR;282;-0.14499060224209515;3.0;;;;;;;;;
PSM;VLDELTLTK;283;0.9998746514320374;2.0;;;;;;;;;
PSM;+42.011LDELTLDELTLTK;284;0.901144164800644;3.0;;;;;;;;;
PSM;+42.011C+57.021AVLQASPASTHQR;285;0.903280459344387;2.0;;;;;;;;;
PSM;APGASEMAGDVAVLQASPASTGHAR;286;0.9061434286145064;3.0;;;;;;;;;
PSM;LVFNLDNQR;287;0.9995563149452209;2.0;;;;;;;;;
PSM;+43.006LVFNFVFNLDNQR;288;-0.11033742415408299;3.0;;;;;;;;;
PSM;PGTPLQVGVGLK;289;0.9999830906207745;2.0;;;;;;;;;
PSM;+43.006PTPLQVGTPLQVGVGLK;290;0.9125330804749147;3.0;;;;;;;;;
PSM;LNDLEDALQQAK;291;0.9997576750241793;2.0;;;;;;;;;
PSM;GEDLEKLNDLEDALQQAK;292;-0.20253804639766093;3.0;;;;;;;;;
PSM;PGTPLQVGVGLK;293;0.9999897113213172;2.0;;;;;;;;;
PSM;+43.006PTPLQVGTPLQVGVGLK;294;0.9103849367269217;3.0;;;;;;;;;
PSM;+43.006YSQGNVSAVGVTYDGHTALTR;295;0.9616079071293706;2.0;;;;;;;;;
PSM;GHTALTR;296;-0.12529732738285304;3.0;;;;;;;;;
PSM;LNDLEDALQQAK;297;0.9997296425012442;2.0;;;;;;;;;
PSM;+42.011GLDLDKLNDLEDALQQAK;298;-0.18881074786186214;3.0;;;;;;;;;
PSM;VLDELTLAR;299;0.9998561263084411;2.0;;;;;;;;;
PSM;+43.006VLDELLDELTLAR;300;0.8520342648029328;3.0;;;;;;;;;
PSM;RDTLLLELK;301;0.9935241878032685;2.0;;;;;;;;;
PSM;+43.006RDTLLELLLRELK;302;-0.2220898081858953;3.0;;;;;;;;;
PSM;RDTLLLELK;303;0.9954426109790802;2.0;;;;;;;;;
PSM;+42.011RDTLLELLLRELK;304;-0.16133558501799905;3.0;;;;;;;;;
PSM;C+57.021YRGLRP;305;-0.4853174979798496;2.0;;;;;;;;;
PSM;+42.011QC+57.021SSGHDGRLPR;306;-0.5319380675043379;3.0;;;;;;;;;
PSM;+43.006VATVSLPR;307;0.9999186396598816;2.0;;;;;;;;;
PSM;+42.011AATVSLATVSLPR;308;0.8898176550865173;3.0;;;;;;;;;
PSM;SC+57.021RPHPR;309;-0.38842175528407097;2.0;;;;;;;;;
PSM;DC+57.021RPGPSQPHPR;310;-0.4829324609958209;3.0;;;;;;;;;
PSM;DRTLLLELK;311;0.9609925270080566;2.0;;;;;;;;;
PSM;SRTLLLEALLRELK;312;-0.1218487065285444;3.0;;;;;;;;;
PSM;ELEGGQEN+0.984FESSGAGK;313;-0.046305183102102854;2.0;;;;;;;;;
PSM;ELETYHNLLEGGQEDFESSGAGK;314;0.9948247174421946;3.0;;;;;;;;;
PSM;C+57.021C+57.021RGLRP;315;-0.5206614471971989;2.0;;;;;;;;;
PSM;+42.011C+57.021DRPPRPDRPL;316;-0.5911656331557493;3.0;;;;;;;;;
PSM;+43.006VATVSLPR;317;0.9998740434646607;2.0;;;;;;;;;
PSM;+42.011AATVTVATVSLPR;318;0.9218744993209839;3.0;;;;;;;;;
PSM;+43.006ELMHLPR;319;-0.13327112462785506;2.0;;;;;;;;;
PSM;LALNSQLMHLPR;320;-0.2986217118226565;3.0;;;;;;;;;
PSM;DRTLLLELK;321;0.9847777009010314;2.0;;;;;;;;;
PSM;+42.011DRTLLLELLRELK;322;-0.20898921092351275;3.0;;;;;;;;;
PSM;DRTLLLELK;323;0.9846306681632996;2.0;;;;;;;;;
PSM;SRTLLLEALLRELK;324;-0.18202381605903306;3.0;;;;;;;;;
PSM;LNDLEEALQQAK;325;0.9995818229822012;2.0;;;;;;;;;
PSM;VNDLEELNDLEEALQQAK;326;-0.09223182813117381;3.0;;;;;;;;;
PSM;GSLEGNEQFLNAAK;327;-0.029078853130340532;2.0;;;;;;;;;
PSM;LGEHNLDVLEGNEQFLNAAK;328;0.9413439837240037;3.0;;;;;;;;;
PSM;LGEHNLEGNEQFLNAAK;329;-0.060367340428961636;2.0;;;;;;;;;
PSM;LGEHNLDVLEGNNLLEGNEQFLNAAK;330;-0.07282087979493312;3.0;;;;;;;;;
PSM;VGEHNLDVLLEGNEQFLNAAK;331;-0.018509238958358765;2.0;;;;;;;;;
PSM;LGEHNLDVLEQPTTVDHNLLEGNEQFLNAAK;332;-0.1367077650502324;3.0;;;;;;;;;
PSM;DC+57.021HDSSLTSDGM+15.995K;333;-0.5525513717106411;2.0;;;;;;;;;
PSM;C+57.021GSC+57.021SSSPSSSASTTLSSEGM+15.995K;334;-0.5531871390083563;3.0;;;;;;;;;
PSM;LGEHNLDVLEGNEQFLNAAK;335;0.996665358543396;2.0;;;;;;;;;
PSM;LGEHNLDVLEGQDGQQELLEGNEQFLNAAK;336;-0.0924342077585959;3.0;;;;;;;;;
PSM;GSLEGNEQFLNAAK;337;-0.02184349298477173;2.0;;;;;;;;;
PSM;LGEHNLDVLEGNEQFLNAAK;338;-0.03794353348868229;3.0;;;;;;;;;
PSM;-17.027LGEHNLDVLLEGNEQFLNAAK;339;0.9135686799652277;2.0;;;;;;;;;
PSM;LGEHNLDVLEGQLDVDHNLLEGNEQFLNAAK;340;-0.12409282056614757;3.0;;;;;;;;;
PSM;EC+57.021C+57.021SAC+57.021HSSC+57.021SK;341;-0.5825635604560375;2.0;;;;;;;;;
PSM;QPC+57.021C+57.021GSPGC+57.021SSC+57.021C+57.021HSSC+57.021SK;342;-0.6316800620406866;3.0;;;;;;;;;
PSM;GSLEGNEQFLNAAK;343;-0.023320929209391328;2.0;;;;;;;;;
PSM;LGEHNLDVLEGNEQFLNAAK;344;0.9554466179439;3.0;;;;;;;;;
PSM;+42.011SKEGNEQFLNAAK;345;-0.149433080603679;2.0;;;;;;;;;
PSM;LEGHQLDVLEGNEQFLNAAK;346;0.9270882152375721;3.0;;;;;;;;;
PSM;GSLEGNEQFLNAAK;347;-0.03633704582850139;2.0;;;;;;;;;
PSM;LGEHNLDVLEGNEQFLNAAK;348;0.9567531588531676;3.0;;;;;;;;;
PSM;FLEGNEQFLNAAK;349;-0.132481440369572;2.0;;;;;;;;;
PSM;VGEHNLDVLEGNEQFLNAAR;350;0.8911982651445127;3.0;;;;;;;;;
PSM;GSLEGNEQFLNAAK;351;-0.026055236657460568;2.0;;;;;;;;;
PSM;LEAHADQVLEGNEQFLNAAK;352;-0.06802004859561017;3.0;;;;;;;;;
PSM;GSLEGNEQFLN+0.984AAK;353;-0.03015169302622478;2.0;;;;;;;;;
PSM;LDNHALDVLEGNEQFLN+0.984AAK;354;0.9154652250664574;3.0;;;;;;;;;
PSM;GSLEGNEQFLN+0.984AAK;355;-0.08316874901453652;2.0;;;;;;;;;
PSM;LDAHNLDVLEGNEQFLN+0.984AAK;356;0.8837079320635114;3.0;;;;;;;;;
PSM;WELLQQVDTSTR;357;-0.08327777569110573;2.0;;;;;;;;;
PSM;LGEHNLDVLEGNEQ+0.984FLNAAK;358;0.8937013539529982;3.0;;;;;;;;;
PSM;WELLQQVDTSTR;359;0.9861847574894245;2.0;;;;;;;;;
PSM;WELLQQQQLLQQVDTSTR;360;-0.12005568805493805;3.0;;;;;;;;;
PSM;WELLQQVDTSTR;361;0.9993488972003644;2.0;;;;;;;;;
PSM;WELLQQMSQLQQVDTSTR;362;-0.158425161713048;3.0;;;;;;;;;
PSM;WELLQQVDTSTR;363;0.9760804772377014;2.0;;;;;;;;;
PSM;-17.027QELEKKWELLQQVDTSTR;364;-0.27889881730079646;3.0;;;;;;;;;
PSM;WELLQQVDTSTR;365;0.9967265174939082;2.0;;;;;;;;;
PSM;+42.011WELANDVQQGLQQVDTSTR;366;-0.21256080819737344;3.0;;;;;;;;;
PSM;GSLEGNEQFLNAAK;367;-0.05388772487640381;2.0;;;;;;;;;
PSM;LDDHALDVLEGNEQFLNAAK;368;0.9546318167731875;3.0;;;;;;;;;
PSM;GSLEGDEQFLNAAK;369;-0.05687437852223709;2.0;;;;;;;;;
PSM;LNNHALDVLEGDQ+0.984QFLNAAK;370;0.9222824289685204;3.0;;;;;;;;;
PSM;GSLEGDEQFLNAAK;371;-0.014698211352030421;2.0;;;;;;;;;
PSM;LGEHNLDVLEGDEQFLNAAK;372;0.947738956127848;3.0;;;;;;;;;
PSM;SLNNQFASFLDK;373;0.9998048498080327;2.0;;;;;;;;;
PSM;SLNNQFSLNNQFASFLDK;374;-0.08583509471071393;3.0;;;;;;;;;
PSM;SLNNQFASFLDK;375;0.9998488747156583;2.0;;;;;;;;;
PSM;SLNNQFSLNNQFASFLDK;376;-0.09068479820301656;3.0;;;;;;;;;
PSM;ETVLFAPSFSR;377;0.9993418157100677;2.0;;;;;;;;;
PSM;ETVLFATTVLFAPSFSR;378;-0.03687116834852433;3.0;;;;;;;;;
PSM;ETVLFAPSFSR;379;0.9336861645181974;2.0;;;;;;;;;
PSM;ETVLFATTVLFAPSSFR;380;-0.09481721433500445;3.0;;;;;;;;;
PSM;ELTTELDNNLEQLSSYK;381;0.9942262967427572;2.0;;;;;;;;;
PSM;ELTTELDNNLQGNDLDNNLEQLSSYK;382;-0.16158801793224287;3.0;;;;;;;;;
PSM;+43.006DLEGNEQFLNAAK;383;0.9320197433233262;2.0;;;;;;;;;
PSM;-17.027QTLHNLDVLEGNEQFLNAAK;384;0.9706537588076158;3.0;;;;;;;;;
PSM;DTLLLELK;385;0.9993483357959323;2.0;;;;;;;;;
PSM;DTLLLELLLELK;386;-0.14169781827009642;3.0;;;;;;;;;
PSM;+43.006RDTLLLELK;387;0.9982065937735818;2.0;;;;;;;;;
PSM;RDTLLRDTLLLELK;388;-0.16499644716580708;3.0;;;;;;;;;
PSM;DTLLLELK;389;0.999637054072486;2.0;;;;;;;;;
PSM;DTLLTQLLLELK;390;-0.125281769495744;3.0;;;;;;;;;
PSM;LLNTLDNDLM+15.995LLK;391;-0.07235395695481983;2.0;;;;;;;;;
PSM;LLTHPNFNGNTLDNDLM+15.995LLK;392;0.9993329133306231;3.0;;;;;;;;;
PSM;+43.006RDTLLLELK;393;0.9993114633993669;2.0;;;;;;;;;
PSM;+43.006RDTLPRDTLLLELK;394;-0.0733906039968133;3.0;;;;;;;;;
PSM;LLNTLDNDLM+15.995LLK;395;-0.0541938883917672;2.0;;;;;;;;;
PSM;LLTHPNFNGNTLDNDLM+15.995LLK;396;0.9993321299552917;3.0;;;;;;;;;
PSM;+43.006RDTLLLELK;397;0.998429152098569;2.0;;;;;;;;;
PSM;GRELKPADTLLLELK;398;-0.1613741423934698;3.0;;;;;;;;;
PSM;+43.006DTLLLEKLR;399;0.9600598378614946;2.0;;;;;;;;;
PSM;+43.006DTLLKDTLLLERLK;400;0.8705877996981144;3.0;;;;;;;;;
PSM;LLNTLDNDLM+15.995LLK;401;-0.10517755682979313;2.0;;;;;;;;;
PSM;LLTHPNFDGNTLDNDLM+15.995LLK;402;0.9718566309838068;3.0;;;;;;;;;
PSM;FAFRTR;403;-0.411713861993381;2.0;;;;;;;;;
PSM;FTC+57.021PALARTR;404;-0.45129946687004785;3.0;;;;;;;;;
PSM;GSSFM+15.995C+57.021L;405;-0.3964849505573511;2.0;;;;;;;;;
PSM;KC+57.021C+57.021VSFM+15.995C+57.021K;406;-0.510821384191513;3.0;;;;;;;;;
PSM;TFYGPPK;407;-0.4295916333794594;2.0;;;;;;;;;
PSM;VLRPAAPVGPPK;408;0.5098745352946795;3.0;;;;;;;;;
PSM;PHPVTFL;409;-0.5026124585419893;2.0;;;;;;;;;
PSM;C+57.021PC+57.021GFARPHK;410;-0.4734941233288158;3.0;;;;;;;;;
PSM;LDNTLN+0.984NDLMLLK;411;-0.05818773167473934;2.0;;;;;;;;;
PSM;LLTHPNFNGNTLDNDLMLLK;412;0.9985920588175455;3.0;;;;;;;;;
PSM;LLNTLDNDLM+15.995LLK;413;-0.04315522313117981;2.0;;;;;;;;;
PSM;LLTHPNFNGNTLDNDLM+15.995LLK;414;0.9980318886893136;3.0;;;;;;;;;
PSM;+43.006LGEHNLDVLEGNEQFLNAAK;415;0.9410705674778331;2.0;;;;;;;;;
PSM;+43.006LGEHNLDVLEPQLGEHNLLEGNEQFLNAAK;416;-0.10074510518461466;3.0;;;;;;;;;
PSM;LGGNTLN+0.984NDLMLLK;417;-0.057713985443115234;2.0;;;;;;;;;
PSM;LLTHPNFNGNTLDNDLMLLK;418;0.9990987522261483;3.0;;;;;;;;;
PSM;+43.006LGEHNLDVLEGNEQFLNAAK;419;0.9780579669909044;2.0;;;;;;;;;
PSM;+43.006LGEHNLDVLEQVNGEHNLLEGNEQFLNAAK;420;-0.12024260894395411;3.0;;;;;;;;;
PSM;GFARTFR;421;-0.3809785433113575;2.0;;;;;;;;;
PSM;GFTQFAPVRPR;422;-0.4079014963159958;3.0;;;;;;;;;
PSM;LDNTLDNDLMLLK;423;-0.061538755893707275;2.0;;;;;;;;;
PSM;LLTHPNFNGNTLDNDLMLLK;424;0.9932205336434501;3.0;;;;;;;;;
PSM;+42.011FARTFR;425;-0.29125261306762695;2.0;;;;;;;;;
PSM;RRPPTAC+57.021PFR;426;-0.44198250499638647;3.0;;;;;;;;;
PSM;C+57.021SFM+15.995C+57.021K;427;-0.3744129176650729;2.0;;;;;;;;;
PSM;C+57.021RSPSSFM+15.995C+57.021K;428;-0.46612588587132364;3.0;;;;;;;;;
PSM;TFALTFR;429;-0.46965548768639565;2.0;;;;;;;;;
PSM;C+57.021C+57.021VFAPVPRR;430;-0.4572059065103531;3.0;;;;;;;;;
PSM;LALDLELATYR;431;0.9999056061108907;2.0;;;;;;;;;
PSM;ALLDLELALDLELATYR;432;-0.07827728821171653;3.0;;;;;;;;;
PSM;FYRLSSA;433;-0.5022463351488113;2.0;;;;;;;;;
PSM;RKPHATTLTFL;434;-0.49690888139108813;3.0;;;;;;;;;
PSM;GDGNTLDNDLMLLK;435;-0.06477989554405217;2.0;;;;;;;;;
PSM;LLTHPDFNGNTLDNDLMLLK;436;0.9472759366035461;3.0;;;;;;;;;
PSM;FTYRLR;437;-0.413841609443937;2.0;;;;;;;;;
PSM;YTC+57.021FSPPRPR;438;-0.4349786334417083;3.0;;;;;;;;;
PSM;LDNTLN+0.984NDLMLLK;439;-0.05220846193177364;2.0;;;;;;;;;
PSM;LLTHPNFDGNTLDNDLMLLK;440;0.9845706621805826;3.0;;;;;;;;;
PSM;NDYFSDFSGVYSQLSR;441;0.9988023989340838;2.0;;;;;;;;;
PSM;NDYFSDFSKNDYSDFSGVYSQLSR;442;-0.18443071842193604;3.0;;;;;;;;;
PSM;APAQLQVAWK;443;-0.4736621501770887;2.0;;;;;;;;;
PSM;GTLAAAATAAAALQVAASR;444;0.4458423640578985;3.0;;;;;;;;;
PSM;NDYFSDFSGVYSQLSR;445;0.9991072837044211;2.0;;;;;;;;;
PSM;NDYFSDFSVNDYSDFSGVYSQLSR;446;-0.12346501171588897;3.0;;;;;;;;;
PSM;GFPRPVGR;447;-0.38471539898051155;2.0;;;;;;;;;
PSM;DRPPPAAPLPAAR;448;-0.43266527886901585;3.0;;;;;;;;;
PSM;NDYFSDFSGVYSQLSR;449;0.999394062687369;2.0;;;;;;;;;
PSM;NDYFSDFSKNDYSDFSGVYSQLSR;450;-0.1958928191661835;3.0;;;;;;;;;
PSM;C+57.021PHFWM+15.995;451;-0.5248115254299981;2.0;;;;;;;;;
PSM;M+15.995RC+57.021PTGFYC+57.021R;452;-0.5324247520078312;3.0;;;;;;;;;
PSM;GPASHPGVR;453;-0.4151641815900803;2.0;;;;;;;;;
PSM;PRTPLAAAPPGVR;454;-0.4808312734322888;3.0;;;;;;;;;
PSM;SFPRPAAR;455;-0.41069761580891084;2.0;;;;;;;;;
PSM;VRPLTAAPLPAAR;456;0.5055535765630859;3.0;;;;;;;;;
PSM;APAHVQTLTAF;457;-0.5038199927657843;2.0;;;;;;;;;
PSM;TPQPPQTAAPSSENLGR;458;-0.5967500031822257;3.0;;;;;;;;;
PSM;PHSLLTTM;459;-0.3984213040934669;2.0;;;;;;;;;
PSM;+42.011PHELTAYARTR;460;-0.46570878246655834;3.0;;;;;;;;;
PSM;RRPLTFL;461;0.5264962050132453;2.0;;;;;;;;;
PSM;EPPQPPPPVPAPK;462;-0.41213830879756386;3.0;;;;;;;;;
PSM;TPTPPVPLSHL;463;-0.4930358802278837;2.0;;;;;;;;;
PSM;TRPPAVSSPGQSTLAER;464;-0.5789786345428891;3.0;;;;;;;;;
PSM;ETPVPTAAAA;465;-0.45974849706346343;2.0;;;;;;;;;
PSM;ERPATAAFEPYR;466;-0.5026701619991889;3.0;;;;;;;;;
PSM;C+57.021SFSM+15.995C+57.021K;467;-0.4043269529938698;2.0;;;;;;;;;
PSM;TRPNSSSFYC+57.021GR;468;-0.4845723154453131;3.0;;;;;;;;;
PSM;PFSPVLER;469;-0.35416819817490053;2.0;;;;;;;;;
PSM;VRSSHFSPVLER;470;-0.48260653248200047;3.0;;;;;;;;;
PSM;EAPLTPAAAA;471;-0.4059566706418991;2.0;;;;;;;;;
PSM;RPPLTAAVFGAFR;472;-0.46679162659815376;3.0;;;;;;;;;
PSM;GGPPTALYGLNR;473;-0.44054235288730037;2.0;;;;;;;;;
PSM;QLTPPQLAPAAFEGLNR;474;-0.44807464794980156;3.0;;;;;;;;;
PSM;FTRPPTAAA;475;-0.412345090508461;2.0;;;;;;;;;
PSM;FTSLRPPRPGFN;476;-0.5094812337595682;3.0;;;;;;;;;
PSM;PHTVVSTAM;477;-0.4711568139493465;2.0;;;;;;;;;
PSM;ERPPPPASPRPPK;478;-0.43414535373449326;3.0;;;;;;;;;
PSM;+43.006PHSLLTTM;479;-0.45578682571649554;2.0;;;;;;;;;
PSM;PHTPTAFSFRTR;480;-0.5660336556342932;3.0;;;;;;;;;
PSM;+42.011PTPPPLSVSTAF;481;-0.5664008653589657;2.0;;;;;;;;;
PSM;GPTSPSVFPLAGRPPLER;482;-0.4917473055814442;3.0;;;;;;;;;
PSM;FTPRPLTAA;483;-0.3521711155772209;2.0;;;;;;;;;
PSM;RPALTTAAQPPLSR;484;-0.44058076093594234;3.0;;;;;;;;;
PSM;FSQLFQARTR;485;-0.4092320315539837;2.0;;;;;;;;;
PSM;C+57.021NNGSLGLRPALQAGLSR;486;-0.5468457192182541;3.0;;;;;;;;;
PSM;PFSPLVSSR;487;-0.34513219222426417;2.0;;;;;;;;;
PSM;GSRPLPTPPLLDGR;488;-0.4450650572776794;3.0;;;;;;;;;
PSM;M+15.995C+57.021FFSC+57.021K;489;-0.4553430341184139;2.0;;;;;;;;;
PSM;RRDSTSSFFM+15.995SR;490;-0.508664152943171;3.0;;;;;;;;;
PSM;EPPRPLSR;491;-0.3898343361086316;2.0;;;;;;;;;
PSM;EPPPPRAPLPLSR;492;-0.445700795522758;3.0;;;;;;;;;
PSM;TFPRPLTAA;493;-0.3331978410482407;2.0;;;;;;;;;
PSM;LRTLTAAAPTPVTR;494;-0.45152343511581416;3.0;;;;;;;;;
PSM;GFSPEPAFR;495;-0.3616049662232399;2.0;;;;;;;;;
PSM;NWWQYPEPAFR;496;-0.5218573361635208;3.0;;;;;;;;;
PSM;PFSPLVSSR;497;-0.33615841940045355;2.0;;;;;;;;;
PSM;YRPVTPPPLLDGR;498;-0.4241125019533294;3.0;;;;;;;;;
PSM;YC+57.021TARFTSDK;499;-0.5253682122989134;2.0;;;;;;;;;
PSM;LRAPGQPTPAALLFTSDK;500;-0.5148708067442241;3.0;;;;;;;;;
PSM;EFPLPVNR;501;-0.4248903898729218;2.0;;;;;;;;;
PSM;PRPLTAAAPLPVNR;502;-0.4563834170500437;3.0;;;;;;;;;
PSM;GFPHLLTAM;503;-0.41880717203021045;2.0;;;;;;;;;
PSM;ELRLTAPPPLTFK;504;-0.530363648065499;3.0;;;;;;;;;
PSM;NYSHPAFR;505;-0.37375427285830176;2.0;;;;;;;;;
PSM;TRQPHSTPTPAFR;506;-0.5063395941896098;3.0;;;;;;;;;
PSM;VDLLNQELEFLK;507;0.9998055146290705;2.0;;;;;;;;;
PSM;VDLLNQQDLLNQELEFLK;508;-0.07409348927046122;3.0;;;;;;;;;
PSM;GFPRPLTAM;509;-0.3983009912073612;2.0;;;;;;;;;
PSM;LRTPLTAPRPLEK;510;-0.525411108242614;3.0;;;;;;;;;
PSM;RFPQFLLTNR;511;-0.5345341034910895;2.0;;;;;;;;;
PSM;+42.011QFVQFHSPGLLFKAER;512;-0.5159942871994443;3.0;;;;;;;;;
PSM;C+57.021STPAQFTLNR;513;-0.5799697910745938;2.0;;;;;;;;;
PSM;FRLLFHAPLANYKAER;514;-0.49988522336763497;3.0;;;;;;;;;
PSM;+43.006LLTHPNFNGNTLDNDLM+15.995LLK;515;0.9779925590211694;2.0;;;;;;;;;
PSM;GLLTHPNFNNTLLTSDALTHGNTTLGGDLM+15.995LLK;516;-0.15725887194275856;3.0;;;;;;;;;
PSM;EFFLRTAF;517;-0.49258012407355833;2.0;;;;;;;;;
PSM;FTERPPAPLPRTR;518;-0.47403106306280407;3.0;;;;;;;;;
PSM;TRPTLSEKPSTA;519;-0.5262663249786084;2.0;;;;;;;;;
PSM;ERLELLRPTQSEKAER;520;-0.5395318033064114;3.0;;;;;;;;;
PSM;M+15.995C+57.021SFYC+57.021R;521;-0.4528528153896332;2.0;;;;;;;;;
PSM;SRC+57.021DTSSFTHC+57.021GR;522;-0.5195391231349537;3.0;;;;;;;;;
PSM;QFSPLLSSR;523;-0.42477123141288753;2.0;;;;;;;;;
PSM;TGRPLSPPSPPLSSR;524;-0.4994586082175374;3.0;;;;;;;;;
PSM;NPRPTLTAF;525;-0.39985823333263393;2.0;;;;;;;;;
PSM;FPPKLSPPPTLTAF;526;-0.47882500688234964;3.0;;;;;;;;;
PSM;FTPLTLTAAA;527;-0.43917205658825964;2.0;;;;;;;;;
PSM;KPSPLTAFPLPLTR;528;-0.4355352411667506;3.0;;;;;;;;;
PSM;C+57.021FPHSGPPR;529;-0.3314020723104477;2.0;;;;;;;;;
PSM;GFC+57.021SSLHSSSPGSPR;530;-0.493012024089694;3.0;;;;;;;;;
PSM;GC+57.021SFSYC+57.021R;531;-0.4132312138875326;2.0;;;;;;;;;
PSM;HRDHTGFFFM+15.995SR;532;-0.4531333555395787;3.0;;;;;;;;;
PSM;EPPVLTAAAAA;533;-0.41191038116812706;2.0;;;;;;;;;
PSM;SRPPATAASGLRPLAA;534;-0.4978332580888972;3.0;;;;;;;;;
PSM;FTPRPLTAM;535;-0.4169596038758755;2.0;;;;;;;;;
PSM;SPRLPTAAPRPLTTA;536;-0.465145330876112;3.0;;;;;;;;;
PSM;NLDLDSLLAEVK;537;0.9998287512705877;2.0;;;;;;;;;
PSM;NLDLSKNLDLDSLLAEVK;538;-0.18909202908214773;3.0;;;;;;;;;
PSM;SLDLDSLLAEVK;539;0.9998048864878141;2.0;;;;;;;;;
PSM;SLDLSKSLDLDSLLAEVK;540;-0.1798960801802183;3.0;;;;;;;;;
PSM;APPPTLATTAA;541;-0.5066555129985015;2.0;;;;;;;;;
PSM;ERLPLTAATTLTFK;542;-0.44332205851872764;3.0;;;;;;;;;
PSM;FFTSLLEARTR;543;-0.4839391472438971;2.0;;;;;;;;;
PSM;VRTPELLFSGGLLEARTR;544;0.35327423383530815;3.0;;;;;;;;;
PSM;NLDLDSLLAEVK;545;0.9997747402924758;2.0;;;;;;;;;
PSM;NLDLSKNLDLDSLLAEVK;546;-0.16489823476264354;3.0;;;;;;;;;
PSM;SLDLDSLLAEVK;547;0.9997158096386836;2.0;;;;;;;;;
PSM;SLDLSKSLDLDSLLAEVK;548;-0.19495070059048503;3.0;;;;;;;;;
PSM;GPLPTLLQSTTAF;549;-0.5416664076702935;2.0;;;;;;;;;
PSM;QPLLAAQLSFGTEPALAER;550;-0.5916015766561031;3.0;;;;;;;;;
PSM;SLDLDSLLAEVK;551;0.9998511947118319;2.0;;;;;;;;;
PSM;SLDLSKSLDLDSLLAEVK;552;-0.19078113177889267;3.0;;;;;;;;;
PSM;NPRPTVASAF;553;-0.377467040988532;2.0;;;;;;;;;
PSM;EPKPVTAPPAKVTFN;554;-0.4299303819425404;3.0;;;;;;;;;
PSM;SC+57.021FSFFC+57.021L;555;-0.3978516242156426;2.0;;;;;;;;;
PSM;SHSSSSSSSSFFM+15.995SR;556;-0.5529778054915369;3.0;;;;;;;;;
PSM;TFFSPLEAR;557;-0.3312051229178905;2.0;;;;;;;;;
PSM;SRLSNSFFSPLEAR;558;-0.5113279412190119;3.0;;;;;;;;;
PSM;FTPLAALTAAA;559;-0.4417626572151979;2.0;;;;;;;;;
PSM;APRPLTAAAPRPLTTA;560;-0.4129821552949793;3.0;;;;;;;;;
PSM;C+57.021FSFGYC+57.021R;561;-0.405300741808282;2.0;;;;;;;;;
PSM;RSC+57.021SPSSSSFGYC+57.021R;562;-0.4707007497549057;3.0;;;;;;;;;
PSM;FTSPKTPLTA;563;-0.3830255175178702;2.0;;;;;;;;;
PSM;PRALPTAAAPRTPLTA;564;-0.4509092678918558;3.0;;;;;;;;;
PSM;AFPHTLTFAA;565;-0.37166371399706055;2.0;;;;;;;;;
PSM;TPRPTTAFALRTHAA;566;-0.5166395595297217;3.0;;;;;;;;;
PSM;C+57.021C+57.021SFFC+57.021SK;567;-0.34403577115800643;2.0;;;;;;;;;
PSM;EC+57.021C+57.021SAASSSFFM+15.995SR;568;-0.5384311842421691;3.0;;;;;;;;;
PSM;GFPHLTATTM;569;-0.45023676888509234;2.0;;;;;;;;;
PSM;EPRPLTFFVRPHK;570;-0.47703246559415546;3.0;;;;;;;;;
PSM;TPRPVTAASAF;571;-0.4807907740275065;2.0;;;;;;;;;
PSM;SPRPVTAAAFKTVTAF;572;-0.4802339041934294;3.0;;;;;;;;;
PSM;TC+57.021FFFC+57.021SR;573;-0.42159685658084023;2.0;;;;;;;;;
PSM;HRSSSSDGSSFFM+15.995SR;574;-0.5612815506756306;3.0;;;;;;;;;
PSM;QFSPLSLSSR;575;-0.3266555070877075;2.0;;;;;;;;;
PSM;TSRPSLAPPPLTVSSR;576;-0.44171979672768535;3.0;;;;;;;;;
PSM;FTPPTLAAFAA;577;-0.4600770163039366;2.0;;;;;;;;;
PSM;LRTPLTAAAPRLLTTA;578;-0.41402372980819024;3.0;;;;;;;;;
PSM;+43.006LLTHPNFNGNTLDNDLMLLK;579;0.991788614879955;2.0;;;;;;;;;
PSM;LMNNGNTLDNDLLTHPNFNGGGTLDNDLMLLK;580;-0.14737918522477034;3.0;;;;;;;;;
PSM;M+15.995C+57.021SSFYC+57.021R;581;-0.43041098448965287;2.0;;;;;;;;;
PSM;RC+57.021SSPSSSSSFYC+57.021R;582;-0.5492102007071178;3.0;;;;;;;;;
PSM;THFTLTAFTA;583;-0.4555650407617743;2.0;;;;;;;;;
PSM;SLRPLSAAAATLTAFTA;584;-0.5397497903969553;3.0;;;;;;;;;
PSM;YTPRPLTFK;585;0.5003216467797756;2.0;;;;;;;;;
PSM;QC+57.021NSSFTFLRFFK;586;-0.5886509109820639;3.0;;;;;;;;;
PSM;GC+57.021SFFFC+57.021SK;587;-0.33902328461408615;2.0;;;;;;;;;
PSM;HGC+57.021SATC+57.021SGSFFM+15.995SR;588;-0.5474985467735678;3.0;;;;;;;;;
PSM;AFPHTTLTAC+57.021;589;-0.42545806684277276;2.0;;;;;;;;;
PSM;NPRLTTAFFLRGYK;590;0.49110506325960157;3.0;;;;;;;;;
PSM;EPAPRPLASAF;591;-0.4739632072548071;2.0;;;;;;;;;
PSM;ETEETPALAPLAARTR;592;-0.49375306157504806;3.0;;;;;;;;;
PSM;C+57.021C+57.021FFFM+15.995SR;593;-0.4514859351846907;2.0;;;;;;;;;
PSM;NRSSSSSSSSSFFM+15.995SR;594;-0.5611686342779327;3.0;;;;;;;;;
PSM;STFFTPLEGR;595;-0.28864007510922174;2.0;;;;;;;;;
PSM;TSRPLQSFFTPLEGR;596;-0.4583490742370486;3.0;;;;;;;;;
PSM;FTSPRPLATSA;597;-0.3763876296579838;2.0;;;;;;;;;
PSM;FPRPLTAAAARPALTTA;598;-0.45507326225439704;3.0;;;;;;;;;
PSM;M+15.995C+57.021FFFSC+57.021R;599;-0.3042678369416131;2.0;;;;;;;;;
PSM;RRSSSSSSSFFGYC+57.021R;600;-0.5358045427128673;3.0;;;;;;;;;
PSM;FTSPRPLAFN;601;-0.3718844784254377;2.0;;;;;;;;;
PSM;EREPPTAASGPLVRTR;602;-0.5299526369746994;3.0;;;;;;;;;
PSM;FPVRVTATFK;603;-0.3769094767895612;2.0;;;;;;;;;
PSM;VRRPLTAAYATRTFK;604;0.4890810903161764;3.0;;;;;;;;;
PSM;TC+57.021SFFFC+57.021SK;605;-0.34835359752178197;2.0;;;;;;;;;
PSM;C+57.021GC+57.021SSSGGSGSFSFM+15.995SR;606;-0.5317720704608493;3.0;;;;;;;;;
PSM;STFFHRQVF;607;-0.38095183074474337;2.0;;;;;;;;;
PSM;PPPQPHTPPPPPGSGFR;608;-0.5996836647391319;3.0;;;;;;;;;
PSM;FTTPPSKLTTA;609;-0.487250879406929;2.0;;;;;;;;;
PSM;PRRPLTTAFYRVTTA;610;0.4357600649818778;3.0;;;;;;;;;
PSM;FSSPLQKFTLTTF;611;-0.4974973584924426;2.0;;;;;;;;;
PSM;AFTLAQPTLFHLLLHNPTTF;612;-0.566674764312449;3.0;;;;;;;;;
PSM;SFFSPLVRTR;613;-0.3978185599500482;2.0;;;;;;;;;
PSM;SPRPLTTAFSPLVRTR;614;-0.45589539233376;3.0;;;;;;;;;
PSM;NFFPVVFDGR;615;-0.4097255766391754;2.0;;;;;;;;;
PSM;SFRPLTPPLPLVFDGR;616;-0.5502601848805653;3.0;;;;;;;;;
PSM;+42.011C+57.021SFFFYC+57.021R;617;-0.4071033269166946;2.0;;;;;;;;;
PSM;RRPDFSC+57.021SSFSYC+57.021R;618;-0.557159157594045;3.0;;;;;;;;;
PSM;FPPPPPLAASSA;619;-0.5024951306673197;2.0;;;;;;;;;
PSM;SRELQTAFGPPLRFR;620;-0.5432209717109799;3.0;;;;;;;;;
PSM;FFPRLLATAF;621;-0.47105449302629987;2.0;;;;;;;;;
PSM;SRRPLTAAAPRTLLTTA;622;0.5248265100849999;3.0;;;;;;;;;
PSM;NFFSTPLSER;623;-0.4794459044933319;2.0;;;;;;;;;
PSM;TFRPLPPPLSPTLSER;624;-0.48837365385364084;3.0;;;;;;;;;
PSM;NTFSPLVRTR;625;-0.3605998930605975;2.0;;;;;;;;;
PSM;ETNC+57.021DEAFGPLAGRTR;626;-0.47213304261950884;3.0;;;;;;;;;
PSM;YTTTLLARTR;627;-0.48629422892223706;2.0;;;;;;;;;
PSM;C+57.021TELQHLTSPLLRTR;628;-0.5788343055173755;3.0;;;;;;;;;
PSM;GFFPRLLTTTA;629;-0.46993419900536537;2.0;;;;;;;;;
PSM;NPRPLTTATALRLLTTA;630;-0.5552492576340835;3.0;;;;;;;;;
PSM;+42.011FTFPLVAAATTA;631;-0.4963446690567902;2.0;;;;;;;;;
PSM;ELRLEAAAAAASPALRTR;632;-0.5225378118063274;3.0;;;;;;;;;
PSM;+42.011M+15.995C+57.021FFFFC+57.021R;633;-0.36967093944549556;2.0;;;;;;;;;
PSM;RSSSSSSSSSSSFFM+15.995C+57.021R;634;-0.5161783252325323;3.0;;;;;;;;;
PSM;ETEEELC+57.021GSR;635;-0.6257499280301007;2.0;;;;;;;;;
PSM;HSC+57.021PDEEEDLEM+15.995GSR;636;-0.6518484349362552;3.0;;;;;;;;;
PSM;FTFSPLVRTR;637;0.6493280543522402;2.0;;;;;;;;;
PSM;SRELQALAFSPLVRTR;638;-0.5335810513180845;3.0;;;;;;;;;
PSM;AFSFPALFEGR;639;-0.4525184271236261;2.0;;;;;;;;;
PSM;GPRPPTLQFSPGLFVEK;640;-0.5624379345940219;3.0;;;;;;;;;
PSM;MFFFQYHLK;641;-0.5184094801545143;2.0;;;;;;;;;
PSM;LRESSSSFYYM+15.995QHLK;642;-0.5560261039063334;3.0;;;;;;;;;
PSM;FTFPRALAATSA;643;-0.4520933742706592;2.0;;;;;;;;;
PSM;ELRPLTAAFGPLTARTR;644;-0.46694253509243333;3.0;;;;;;;;;
PSM;C+57.021TSYGHTSSFL;645;-0.5073675146947305;2.0;;;;;;;;;
PSM;QSSSSSSLSSSQLSSGSYK;646;-0.599818379804492;3.0;;;;;;;;;
PSM;GFC+57.021SFPHSWM+15.995;647;-0.44985138557173987;2.0;;;;;;;;;
PSM;HPC+57.021AAFSC+57.021SSFFC+57.021M+15.995R;648;-0.5497985095717013;3.0;;;;;;;;;
PSM;FTSSPLTARTR;649;-0.3958613372718295;2.0;;;;;;;;;
PSM;FTSDDNSFFFLRAHR;650;-0.5388094047084451;3.0;;;;;;;;;
PSM;MTSPLRLASFK;651;-0.38748717556397116;2.0;;;;;;;;;
PSM;APHDDDFASGLRPLTFK;652;-0.4937283711300956;3.0;;;;;;;;;
PSM;FTTPRLLATTM;653;-0.4269845336675644;2.0;;;;;;;;;
PSM;PRRPLATAFPRLTLTTA;654;0.47174404561519623;3.0;;;;;;;;;
PSM;YTFSPLAARTR;655;-0.34315192202726996;2.0;;;;;;;;;
PSM;ETARAEAAALASPLAARTR;656;-0.5068463183939457;3.0;;;;;;;;;
PSM;GPYTTPALTQVF;657;-0.45662965797460997;2.0;;;;;;;;;
PSM;GTRPLTFTFTGLRTQVF;658;-0.5441525917914178;3.0;;;;;;;;;
PSM;+42.011C+57.021SFFFSYC+57.021R;659;-0.3554463203657757;2.0;;;;;;;;;
PSM;SRSSSSSFSSSFFSYC+57.021R;660;-0.5408777188923624;3.0;;;;;;;;;
PSM;FTDDELYPVR;661;-0.4606372029943899;2.0;;;;;;;;;
PSM;EGEDDEEEEEKDEER;662;-0.5637921723537147;3.0;;;;;;;;;
PSM;EFFSPRLLTR;663;-0.3521762639284134;2.0;;;;;;;;;
PSM;RRSLLEAAFGTPLKVTR;664;-0.5348105074630843;3.0;;;;;;;;;
PSM;FTFARLLAATTA;665;-0.35802605518927944;2.0;;;;;;;;;
PSM;LPRKLTAAAFSRLPLTTA;666;0.48867240469706685;3.0;;;;;;;;;
PSM;+42.011KFFPARPFVF;667;-0.37260102170209086;2.0;;;;;;;;;
PSM;AFRPLLFSHFPLLEEK;668;-0.5725345317931736;3.0;;;;;;;;;
PSM;NTFYRLTFTM;669;-0.49361060356551956;2.0;;;;;;;;;
PSM;C+57.021PEDRPLLSSVLLRER;670;-0.5057698575889362;3.0;;;;;;;;;
PSM;GFTALRLLTFTA;671;-0.47681138263298917;2.0;;;;;;;;;
PSM;SPPRPLTTAASLRPLTFK;672;-0.5304703241900394;3.0;;;;;;;;;
PSM;GFSFPRPLASTF;673;-0.37134246212931776;2.0;;;;;;;;;
PSM;SPRAQEFAFFTPLTRAR;674;-0.4730203702218003;3.0;;;;;;;;;
PSM;NTFFSSPLVSSR;675;-0.3532578687255199;2.0;;;;;;;;;
PSM;GRLSSSLTPSSLSSPLVSSR;676;-0.46659971596229644;3.0;;;;;;;;;
PSM;FFSSTLLTLLR;677;-0.37601075073083245;2.0;;;;;;;;;
PSM;FTSEPLHFSSTLLTLLR;678;-0.5289918730656307;3.0;;;;;;;;;
PSM;C+57.021SSFFFGYC+57.021R;679;-0.43625888092951337;2.0;;;;;;;;;
PSM;QC+57.021C+57.021APPSSSSSM+15.995FSYC+57.021R;680;-0.5558652977148693;3.0;;;;;;;;;
PSM;GAFSHPPLSSSFL;681;-0.5160923350070203;2.0;;;;;;;;;
PSM;TPPLSSSSSSYSSPVLYDR;682;-0.5606721419841051;3.0;;;;;;;;;
PSM;EPEC+57.021RPLLER;683;-0.4924254647710107;2.0;;;;;;;;;
PSM;SFDDDDDEELPLRPER;684;-0.5498800260179183;3.0;;;;;;;;;
PSM;+42.011FTFPRTLAATTA;685;-0.4286624853100095;2.0;;;;;;;;;
PSM;FPLRLTATAASPRLTLTTA;686;-0.49852008074522014;3.0;;;;;;;;;
PSM;NFSFFNLLDGR;687;-0.43541267762581504;2.0;;;;;;;;;
PSM;STRPLFSFFFSNLLDGR;688;-0.5043232540289562;3.0;;;;;;;;;
PSM;NTTYARLFSTF;689;-0.38416164865096414;2.0;;;;;;;;;
PSM;ETSSEEMFFATLLARTR;690;-0.5125859296984143;3.0;;;;;;;;;
PSM;GFSFHLRTTFK;691;-0.4252807286878427;2.0;;;;;;;;;
PSM;TPRPLTATTFYDRTTFK;692;-0.4563273555702634;3.0;;;;;;;;;
PSM;FFSFQLLRER;693;-0.49003068019043317;2.0;;;;;;;;;
PSM;EPRPLTFAFFQLLRER;694;-0.49300163808990927;3.0;;;;;;;;;
PSM;FTFTRPLLASAF;695;-0.4115421508367245;2.0;;;;;;;;;
PSM;+42.011RRALTAATAAFSTLLARAR;696;0.46846836450554075;3.0;;;;;;;;;
PSM;ATFFFPLLSSSR;697;-0.45971750639952147;2.0;;;;;;;;;
PSM;TSRPLLTFPSLSPVLTSSR;698;-0.5286110296845437;3.0;;;;;;;;;
PSM;SFEEEPVRPPR;699;-0.5916848462074995;2.0;;;;;;;;;
PSM;TFEDDDEPPRPPPRPPR;700;-0.6330373990866873;3.0;;;;;;;;;
PSM;FTAFRPLLTAAF;701;-0.4663775632014642;2.0;;;;;;;;;
PSM;NQDDDDESAGYGLLTLRR;702;-0.557982498877927;3.0;;;;;;;;;
PSM;C+57.021GSFFFFM+15.995C+57.021R;703;-0.460503874854608;2.0;;;;;;;;;
PSM;RGC+57.021SASPSSSSSSGFFM+15.995C+57.021R;704;-0.5886441715061664;3.0;;;;;;;;;
PSM;FTFALRLLATFA;705;-0.4477523783078561;2.0;;;;;;;;;
PSM;AFLRLAAAAAAAFQLLRER;706;0.5038696184754372;3.0;;;;;;;;;
PSM;GFPSLRPLEEFL;707;-0.4747170909092977;2.0;;;;;;;;;
PSM;-17.027QNPRLSHSFPPRPNLSFL;708;-0.5642573904246092;3.0;;;;;;;;;
PSM;ETAFFRLFSTF;709;-0.4591852743178606;2.0;;;;;;;;;
PSM;HTDDDDFSFFTRLHFR;710;-0.5250299822758226;3.0;;;;;;;;;
PSM;+43.006FPHYTKLTTTF;711;-0.43582582330474484;2.0;;;;;;;;;
PSM;EPRPLTFTFTGPRPLGYK;712;-0.5118650154847848;3.0;;;;;;;;;
PSM;APTPPPRPLLTTM;713;-0.45835283984030994;2.0;;;;;;;;;
PSM;EPRPLTFAFFSVLLRER;714;-0.49066210827893686;3.0;;;;;;;;;
PSM;SFFRRPLASSTF;715;-0.409681094953647;2.0;;;;;;;;;
PSM;EPPRLAAASAASSGTTLLRTR;716;-0.546203322369944;3.0;;;;;;;;;
PSM;TFPTLRPLLEVF;717;-0.41274272707792425;2.0;;;;;;;;;
PSM;+42.011FRPLLFFPGLSSGSLLAER;718;-0.5412484882842927;3.0;;;;;;;;;
PSM;C+57.021FEDLLC+57.021PALR;719;-0.5864010471850634;2.0;;;;;;;;;
PSM;FEEREEEEEEEEGRPR;720;-0.6462846678846023;3.0;;;;;;;;;
PSM;GFTFYLRLPER;721;-0.42202440835535526;2.0;;;;;;;;;
PSM;REELAQQFFSLLEARTR;722;-0.5564075054393874;3.0;;;;;;;;;
PSM;C+57.021C+57.021SSFFFM+15.995C+57.021R;723;-0.41970743679187517;2.0;;;;;;;;;
PSM;HPDSAAFSSSSSM+15.995FFGYC+57.021R;724;-0.48424702212214465;3.0;;;;;;;;;
PSM;FTSFFRLFTTF;725;-0.3828074441601833;2.0;;;;;;;;;
PSM;TFLRLLTAAAFGTLLTRTR;726;-0.4943013064563274;3.0;;;;;;;;;
PSM;AFYSPRLFSSFL;727;-0.42328156301608455;2.0;;;;;;;;;
PSM;RRSSSSSLSPSTLSHLSTFL;728;-0.643121649289415;3.0;;;;;;;;;
PSM;YFTAGPSFLRTR;729;-0.4052178481450448;2.0;;;;;;;;;
PSM;FTHNDDFFTAGPSFLRTR;730;-0.4624947748686138;3.0;;;;;;;;;
PSM;YTFSARLPLTFN;731;-0.47823551898965466;2.0;;;;;;;;;
PSM;GFPHNSVFTFSGLRPLTFK;732;-0.4553371906280518;3.0;;;;;;;;;
PSM;C+57.021PPPPRLLTAFTA;733;-0.48568832235676906;2.0;;;;;;;;;
PSM;NPRPLAAFTFASLRPLTFK;734;0.4961328960955143;3.0;;;;;;;;;
PSM;GFFSFGTLLARTR;735;-0.4032777111445155;2.0;;;;;;;;;
PSM;LPRPLLSFFFSGTLLARTR;736;0.5039499528706074;3.0;;;;;;;;;
PSM;EFPVLFRLLDVN;737;-0.4325718707763232;2.0;;;;;;;;;
PSM;RPPPPLLTFPVLFRLLDVN;738;-0.5533398116007447;3.0;;;;;;;;;
PSM;EPEEEESGTQER;739;-0.4791711058754188;2.0;;;;;;;;;
PSM;EPSSSSSPSSSSSSSSSSAQER;740;-0.5456426185758217;3.0;;;;;;;;;
PSM;GSSYSFESM+15.995LLSR;741;-0.5784858869654792;2.0;;;;;;;;;
PSM;RPSSSSSSSSSSSFFSGHSSSR;742;-0.6197280346051506;3.0;;;;;;;;;
PSM;TC+57.021SFYFSSYC+57.021R;743;-0.47572240605950356;2.0;;;;;;;;;
PSM;RSC+57.021SSAFSSSSSFFFGYC+57.021R;744;-0.5089332696050406;3.0;;;;;;;;;
PSM;NFSSFYFLRTR;745;-0.40906811629732454;2.0;;;;;;;;;
PSM;AFSSLLLHFPVTPALLFHR;746;-0.5259387787431479;3.0;;;;;;;;;
PSM;GFFTFLLEARTR;747;-0.3586616126390604;2.0;;;;;;;;;
PSM;SFPRLLQAAAFFLNLARTR;748;-0.47211110852658744;3.0;;;;;;;;;
PSM;TTFSPLLFRFVF;749;-0.413676285972962;2.0;;;;;;;;;
PSM;GSTRPLFLFPSARPPTLTVF;750;-0.5140365003829911;3.0;;;;;;;;;
PSM;+42.011FYSAPRLLAAYTA;751;-0.5290560305118561;2.0;;;;;;;;;
PSM;GFNDDDDYTFFHGTLRFR;752;-0.5248615843685049;3.0;;;;;;;;;
PSM;GFTFSFLLLRER;753;-0.4306804950420673;2.0;;;;;;;;;
PSM;SPPHTQTFFFAFNLLRER;754;-0.5106639015047174;3.0;;;;;;;;;
PSM;LTFSALRLLASSAF;755;-0.43659670377771065;2.0;;;;;;;;;
PSM;QC+57.021DEDDFFFTFNLLRER;756;-0.4936461113393307;3.0;;;;;;;;;
PSM;ESEEERPQGTC+57.021R;757;-0.48740642345868623;2.0;;;;;;;;;
PSM;ETEERPYEC+57.021EEEEGTC+57.021R;758;-0.598379204256667;3.0;;;;;;;;;
PSM;FPPATLGFLQHLK;759;-0.4751077821212155;2.0;;;;;;;;;
PSM;FPRPPPKPVPTALGFLQHLK;760;-0.5742132805642628;3.0;;;;;;;;;
PSM;FSTLRPLLTSQVF;761;-0.494500997875418;2.0;;;;;;;;;
PSM;GSALLSLFLTPPSPPPTLLEGR;762;-0.5446602329611778;3.0;;;;;;;;;
PSM;M+15.995C+57.021SSFFFSYC+57.021R;763;-0.5626546666026115;2.0;;;;;;;;;
PSM;GSSSSSSSSSSSSSSGSSFFC+57.021M+15.995R;764;-0.5119617587576311;3.0;;;;;;;;;
PSM;FTSFYRLFATTF;765;-0.4544363172295002;2.0;;;;;;;;;
PSM;+42.011FTLRLLTAAASFTTLALRTR;766;-0.48968216641382734;3.0;;;;;;;;;
PSM;GFPHQRPLLFSTM;767;-0.5180214515754155;2.0;;;;;;;;;
PSM;+42.011FTELRPHLFSALRVYLER;768;-0.5696501694619656;3.0;;;;;;;;;
PSM;NFSSPLRLLSFTM;769;-0.5405437243836266;2.0;;;;;;;;;
PSM;GFPRESSGFSSFGGTLALRFR;770;-0.5750923911956223;3.0;;;;;;;;;
PSM;SFSSPVRVFLASTF;771;-0.4907705284655094;2.0;;;;;;;;;
PSM;FPPRLFTTAAFSSGTLVTRTR;772;-0.5356001423841172;3.0;;;;;;;;;
PSM;GSSC+57.021SSFFPHFC+57.021R;773;-0.48449980361121037;2.0;;;;;;;;;
PSM;ARSSSSSSSSSSSSSSSFSSYC+57.021R;774;-0.5673716471840937;3.0;;;;;;;;;
PSM;EGHDDDDGEDSSVF;775;-0.6059810914099216;2.0;;;;;;;;;
PSM;ESDDDDDDDDDDDDDGENVF;776;-0.6693724172544622;3.0;;;;;;;;;
PSM;NPRYGALLFNTLR;777;-0.4686508966343743;2.0;;;;;;;;;
PSM;FTFLRPLLHYLQLFQAER;778;-0.5984101993472952;3.0;;;;;;;;;
PSM;+42.011FTSFFSLLAARTR;779;-0.44285560548305514;2.0;;;;;;;;;
PSM;SFTRLPLTAAFFSGTLLARTR;780;-0.4717925350097093;3.0;;;;;;;;;
PSM;TTFTFYRFLTFK;781;-0.4880149954786668;2.0;;;;;;;;;
PSM;PHEDDDSFFTYATRTLLASR;782;-0.5202180842558544;3.0;;;;;;;;;
PSM;GFESPLRFLETFK;783;-0.5001743457147053;2.0;;;;;;;;;
PSM;GHPPQEGSGFTFSYLLLGRER;784;-0.5876052755523812;3.0;;;;;;;;;
PSM;NPTFFFNLLARTR;785;-0.43883855321577614;2.0;;;;;;;;;
PSM;FPPRLLFTAAFFFNLLARTR;786;-0.47185761729876197;3.0;;;;;;;;;
PSM;EC+57.021REEPLC+57.021SSER;787;-0.4128990998634925;2.0;;;;;;;;;
PSM;SFC+57.021SSHPSSSSSSSSPLC+57.021SSER;788;-0.5486512035131454;3.0;;;;;;;;;
PSM;GTLFFFFQLLSER;789;-0.40165743923613006;2.0;;;;;;;;;
PSM;TLRELLFFHSPSLLQLLSER;790;-0.5403534887092454;3.0;;;;;;;;;
PSM;+42.011AC+57.021SFFFPHSYC+57.021R;791;-0.5408660732209682;2.0;;;;;;;;;
PSM;ARSSSSSVSSSSSSSSFSPHYC+57.021R;792;-0.5679797601575653;3.0;;;;;;;;;
PSM;FTSSFPRLLTFTTA;793;-0.47728168964385986;2.0;;;;;;;;;
PSM;EPPLRALTAAAFFSSLLTARTR;794;-0.5003240662424461;3.0;;;;;;;;;
PSM;+42.011FETAAYLREALER;795;-0.48698729574680333;2.0;;;;;;;;;
PSM;GFPERDEPVAFAGYLREALER;796;-0.5412517647174271;3.0;;;;;;;;;
PSM;SFTSYSLLFLRER;797;-0.48179231158324654;2.0;;;;;;;;;
PSM;C+57.021PPPESSTYTFFSSLEELRR;798;-0.5772502684877032;3.0;;;;;;;;;
PSM;ERSFFFAALLRER;799;-0.3646426520177296;2.0;;;;;;;;;
PSM;EVEALRAAPAAAAFTYAALLRER;800;-0.49674089035640157;3.0;;;;;;;;;
PSM;TFHRLLTAF;801;-0.4255068942904472;2.0;;;;;;;;;
PSM;TPHFSPLATKTLTTF;802;-0.47701371088624;3.0;;;;;;;;;
PSM;MEDDDELGEASGPLK;803;-0.5919699966907501;2.0;;;;;;;;;
PSM;MFEDDDEEEEEEESGAQGPLK;804;-0.6734695973044091;3.0;;;;;;;;;
PSM;STLFPVRPLPFQVF;805;-0.44934916297594707;2.0;;;;;;;;;
PSM;TSRPVLFLNSSSPLLTGTLLEGR;806;-0.558277099703749;3.0;;;;;;;;;
PSM;FPAFTFLLTATRTR;807;-0.4392831871906916;2.0;;;;;;;;;
PSM;GFTSLLRAPLAATFTTLTATRTR;808;-0.47824690863490105;3.0;;;;;;;;;
PSM;GFTAFFYPRLHFR;809;-0.5319970941969326;2.0;;;;;;;;;
PSM;EPQPRPLPPQPSLRPAPLLTFN;810;-0.5452482341586248;3.0;;;;;;;;;
PSM;GFPTSFGLRPLSTFK;811;-0.47439447371289134;2.0;;;;;;;;;
PSM;GFTGPLRLPALATYGVRPLTTFK;812;0.4871554207056761;3.0;;;;;;;;;
PSM;FTTFSLRPLFLSTF;813;-0.4305491221447786;2.0;;;;;;;;;
PSM;EPPTLRALTAAAFSFQLATTRTR;814;-0.5366213812182348;3.0;;;;;;;;;
PSM;AFRPLLSSSSA;815;-0.5160265453159809;2.0;;;;;;;;;
PSM;TFPHSYTPSKPSLSSA;816;-0.6018991084659802;3.0;;;;;;;;;
PSM;TFC+57.021EEALREGC+57.021ER;817;-0.5251429559929031;2.0;;;;;;;;;
PSM;SFDREEEEEEEEEREESER;818;-0.5502660356462001;3.0;;;;;;;;;
PSM;AFTFTALRLTLTTAF;819;-0.4337783120572567;2.0;;;;;;;;;
PSM;TFPALRPLTAATTASLRLTLTTAF;820;-0.46820198476314545;3.0;;;;;;;;;
PSM;AFQSSPVLRALFAHR;821;-0.5241345206741244;2.0;;;;;;;;;
PSM;TFEPHLLNLLSSPLATLRLQER;822;-0.5919316543833069;3.0;;;;;;;;;
PSM;DPLAFPALPRSLLER;823;0.5155035175848752;2.0;;;;;;;;;
PSM;NPQEELRPLLGFPRAPLSLLER;824;-0.5342854264637698;3.0;;;;;;;;;
PSM;FVEAYAYALRELER;825;-0.5265136212110519;2.0;;;;;;;;;
PSM;SFETALLDTLRAPLLLREELER;826;-0.5682540652544602;3.0;;;;;;;;;
PSM;TTFFKLFTSA;827;-0.5123710225928914;2.0;;;;;;;;;
PSM;ARAHAFFYPLLRER;828;-0.48896622061729433;3.0;;;;;;;;;
PSM;EEEESEESEFC+57.021ER;829;-0.5560132360884121;2.0;;;;;;;;;
PSM;EPRPEEEEEEEREESTEEER;830;-0.580037574682917;3.0;;;;;;;;;
PSM;GFTTASFFLLEARTR;831;-0.39693334698677063;2.0;;;;;;;;;
PSM;FLELLRAAAAAAAAFTFLLEARTR;832;-0.554947890639305;3.0;;;;;;;;;
PSM;AFEFGPGEELPLRER;833;-0.4668989172205329;2.0;;;;;;;;;
PSM;EPPLRPPPLLEFPAEELPLRER;834;-0.5416653266419535;3.0;;;;;;;;;
PSM;FTPTFSVRPLLFTTF;835;-0.5199595591984689;2.0;;;;;;;;;
PSM;FPPALRPLLFTAFYTATLTVRTR;836;-0.5164754415551822;3.0;;;;;;;;;
PSM;NFFRLFTTF;837;-0.3901479490101337;2.0;;;;;;;;;
PSM;KHTFAFTTRLPLTTF;838;-0.4324026182293892;3.0;;;;;;;;;
PSM;SFWTSGPLLQLLRTR;839;-0.48995090927928686;2.0;;;;;;;;;
PSM;SFETALRTPALLFSPLNLLLRER;840;-0.4927009865641594;3.0;;;;;;;;;
PSM;SFSRTLTAAVAA;841;-0.3736536984260266;2.0;;;;;;;;;
PSM;RRAAAAASASRTLTAAVAA;842;-0.477280730754137;3.0;;;;;;;;;
PSM;FTC+57.021SSSSYGLRLLER;843;-0.5314710405655205;2.0;;;;;;;;;
PSM;GFTSLLREVLSLATYYGLRLLER;844;-0.6008687814076741;3.0;;;;;;;;;
PSM;GFSTAAYTAALAFLRTR;845;-0.4794599732591046;2.0;;;;;;;;;
PSM;FLEALLRAAAAATAAYTFTLLTLRR;846;-0.5247825206472323;3.0;;;;;;;;;
PSM;TFRKLPLTTF;847;-0.4422786554152315;2.0;;;;;;;;;
PSM;NFNTSFFRTLKLSTSA;848;-0.5253227782600066;3.0;;;;;;;;;
PSM;PFSSLALLNLALAARTR;849;0.46668471064832473;2.0;;;;;;;;;
PSM;TFPSLAALETALRSPALVELAAARTR;850;-0.5399027877935656;3.0;;;;;;;;;
PSM;SFNTFSSYAGTLLRNR;851;-0.44948217711027927;2.0;;;;;;;;;
PSM;C+57.021PEELREELEQAFFETLGLRNR;852;-0.5831113243880479;3.0;;;;;;;;;
PSM;EFETGPLATTLLSARTR;853;-0.4498517844412062;2.0;;;;;;;;;
PSM;SFPPRLLLTAFTTTSSAFLLEARTR;854;-0.5576748211796467;3.0;;;;;;;;;
PSM;TFYARVFTTF;855;-0.408394380049272;2.0;;;;;;;;;
PSM;TRRPLTAAAATRLLTTSA;856;-0.4824389023216147;3.0;;;;;;;;;
PSM;QLTAAALATAFLLLRER;857;0.5125024575326178;2.0;;;;;;;;;
PSM;ELEALAALRAAAAAAAAAATAFLLELRR;858;-0.564648854321447;3.0;;;;;;;;;
PSM;SFTFNSFTLRGLLTFK;859;-0.47005146172116785;2.0;;;;;;;;;
PSM;SPPHTFC+57.021DDDEETSFTRLPSLSFK;860;-0.5685141187906265;3.0;;;;;;;;;
PSM;SFTSAAASLTLAAGLRAHR;861;-0.48455006442964077;2.0;;;;;;;;;
PSM;EFPPLRAALAATLTAYLTLAAGLRAHR;862;-0.573736760499222;3.0;;;;;;;;;
PSM;SFSSSSSSSSSSSA;863;-0.4870450248320898;2.0;;;;;;;;;
PSM;GHTYEFFRALSKLSSSA;864;-0.5245400816202164;3.0;;;;;;;;;
PSM;LSLAFASSASLRALLASAF;865;-0.4520307864528149;2.0;;;;;;;;;
PSM;ELEAAAAALRAALAAQAFFFAALAGLRR;866;-0.5211363013448387;3.0;;;;;;;;;
PSM;FLTALNPLGVFLRLTNR;867;0.4881233995159467;2.0;;;;;;;;;
PSM;ELEPLAALRGFLLLTPLATLRELTNR;868;-0.5882759033529847;3.0;;;;;;;;;
PSM;+43.006FSFPRPLASTF;869;-0.49320290123040855;2.0;;;;;;;;;
PSM;ARSLTAASFFHLRLTFN;870;-0.5375943904121716;3.0;;;;;;;;;
PSM;GFLTTAAGSLAEVRATLNR;871;-0.49129029735922813;2.0;;;;;;;;;
PSM;ELEALALARAEAALEAAPGLERLAALER;872;-0.5746439309983418;3.0;;;;;;;;;
PSM;FSFGLRPLASTF;873;-0.46484764608053064;2.0;;;;;;;;;
PSM;ERGGAAAAFFAYALRFHR;874;-0.5215239995404294;3.0;;;;;;;;;
PSM;DFETTSFLSSFLLARTR;875;-0.4982418769763576;2.0;;;;;;;;;
PSM;VFTAPPLRPLPAAPALTSPLLAALLATRR;876;-0.6319797016680241;3.0;;;;;;;;;
PSM;ARFPVFGTGLNR;877;-0.4113901349214407;2.0;;;;;;;;;
PSM;RRSPLAASFFLRGTGLNR;878;-0.4670454146046388;3.0;;;;;;;;;
PSM;ELSAAARSPLTSSA;879;-0.43793183813492453;2.0;;;;;;;;;
PSM;HLQAQQFFQYLLVRTR;880;-0.5252498730140573;3.0;;;;;;;;;
PSM;SFSGPTLAYAYLRLQAER;881;-0.4204631420342546;2.0;;;;;;;;;
PSM;GLLELLRLEAASALQQAYAYLRLQAER;882;-0.4906587763024228;3.0;;;;;;;;;
PSM;GFTATHKLTASTF;883;-0.46386575672243324;2.0;;;;;;;;;
PSM;TPRPAALGPLASGLLGVRFR;884;-0.46109239544187275;3.0;;;;;;;;;
PSM;AFFFSSPLARTR;885;-0.40069899994593405;2.0;;;;;;;;;
PSM;ERRATLAFFFSGPLARTR;886;-0.5161774432972858;3.0;;;;;;;;;
PSM;ELEAAALAAYNQLEFLRR;887;-0.49197166648350266;2.0;;;;;;;;;
PSM;AFEALAALRNPLLLALEAYNAALDFLRR;888;-0.5488416449777012;3.0;;;;;;;;;
PSM;TFSSFFKTLSSSA;889;-0.4661495057599885;2.0;;;;;;;;;
PSM;AFRPPTTAASYAPRPLTFK;890;-0.5087520193308592;3.0;;;;;;;;;
PSM;TFSGPRPLAFSTF;891;-0.37384968517082073;2.0;;;;;;;;;
PSM;FPRLPVAASFFAHFLRTR;892;-0.47811333011639745;3.0;;;;;;;;;
PSM;ELQLAALLGALRPALTELTK;893;0.4159939047836122;2.0;;;;;;;;;
PSM;+42.011FLEAALAALRAAAAAAAAAALGALRPALTELTK;894;-0.6426050807748522;3.0;;;;;;;;;
PSM;FPPAGLRAALAASAF;895;-0.493523808196187;2.0;;;;;;;;;
PSM;APRTVLTAAYASFALALRER;896;-0.48225160830077674;3.0;;;;;;;;;
PSM;AFSFRRPLTFSSA;897;-0.49745381942817146;2.0;;;;;;;;;
PSM;GFPRPLTVFFSFGNLLRTR;898;-0.514729842543602;3.0;;;;;;;;;
PSM;EFGFFLLEVRTR;899;-0.4430581331253052;2.0;;;;;;;;;
PSM;RRGPLAQTAFFAFRELLER;900;-0.4234372258186341;3.0;;;;;;;;;
PSM;+42.011LASFFTALAAARTR;901;-0.3966770824044943;2.0;;;;;;;;;
PSM;NPRPPLQQAFSFTTLLARTR;902;-0.46504842880226316;3.0;;;;;;;;;
PSM;NFSSPALARLFTTF;903;-0.38849147607882817;2.0;;;;;;;;;
PSM;DFPPRPLTLSSPPRPLPLTFN;904;-0.4839014766991816;3.0;;;;;;;;;
PSM;TFSTAFFALRGLNR;905;-0.4423225482304891;2.0;;;;;;;;;
PSM;VFRPLLALTAASAPGLPLRGLNR;906;0.45001696205387515;3.0;;;;;;;;;
PSM;LC+57.021RVGAK;907;0.5631235744804144;2.0;;;;;;;;;
PSM;ESC+57.021LPEDVGAK;908;-0.5631289798766375;3.0;;;;;;;;;
PSM;+42.011SC+57.021KPFK;909;-0.46128386724740267;2.0;;;;;;;;;
PSM;C+57.021GERPPRPPR;910;-0.5598464228890159;3.0;;;;;;;;;
PSM;FLLPAFDLNK;911;-0.3508628220720724;2.0;;;;;;;;;
PSM;+42.011GFSDPPC+57.021GTPAFDGGLK;912;-0.540687822197613;3.0;;;;;;;;;
PSM;-17.027QFLPTSSLSGR;913;-0.4997016317569293;2.0;;;;;;;;;
PSM;+43.006GWRPSGLGDFGGPGRGR;914;-0.6628973840882904;3.0;;;;;;;;;
PSM;FTYAPTGK;915;-0.5668810539775424;2.0;;;;;;;;;
PSM;QQTPPQFKTLK;916;-0.4962366260588169;3.0;;;;;;;;;
PSM;NTFYPLR;917;-0.44328638911247253;2.0;;;;;;;;;
PSM;SHSSPSTFYPLR;918;-0.4730065682759652;3.0;;;;;;;;;
PSM;-17.027QTTSYAPTR;919;-0.45409185236150573;2.0;;;;;;;;;
PSM;THYAFTC+57.021YSPLR;920;-0.5814947967345898;3.0;;;;;;;;;
PSM;EYYAASLR;921;-0.4767912808391783;2.0;;;;;;;;;
PSM;THTPATQFFLRK;922;-0.5209851981355593;3.0;;;;;;;;;
PSM;C+57.021ESYFPVR;923;-0.496538993385103;2.0;;;;;;;;;
PSM;THTFAFSSYFTHK;924;-0.6029985866376332;3.0;;;;;;;;;
PSM;ETSFYTPVR;925;-0.44768207967281337;2.0;;;;;;;;;
PSM;THSLPAFTC+57.021YAPER;926;-0.543633201221625;3.0;;;;;;;;;
PSM;LRPTVASSTSL;927;-0.5825207127879064;2.0;;;;;;;;;
PSM;QRPSVAFSSSYSPGSR;928;-0.6137432534905041;3.0;;;;;;;;;
PSM;M+15.995VSSPLGPAGTR;929;-0.5020330657179539;2.0;;;;;;;;;
PSM;M+15.995VSSSPFTQFHLLLR;930;-0.5898047080263495;3.0;;;;;;;;;
